lenguaje;n;algoritmo;escenario;repeticion;tiempo_ns;comparaciones
Python;100;Lineal;Inicio;1;3700;1
Python;100;Lineal;Inicio;2;2900;1
Python;100;Lineal;Inicio;3;1000;1
Python;100;Lineal;Inicio;4;400;1
Python;100;Lineal;Inicio;5;500;1
Python;100;Lineal;Inicio;6;400;1
Python;100;Lineal;Inicio;7;300;1
Python;100;Lineal;Inicio;8;300;1
Python;100;Lineal;Inicio;9;300;1
Python;100;Lineal;Inicio;10;400;1
Python;100;Lineal;Inicio;11;300;1
Python;100;Lineal;Inicio;12;400;1
Python;100;Lineal;Inicio;13;400;1
Python;100;Lineal;Inicio;14;300;1
Python;100;Lineal;Inicio;15;400;1
Python;100;Lineal;Inicio;16;300;1
Python;100;Lineal;Inicio;17;300;1
Python;100;Lineal;Inicio;18;300;1
Python;100;Lineal;Inicio;19;400;1
Python;100;Lineal;Inicio;20;400;1
Python;100;Lineal;Inicio;21;300;1
Python;100;Lineal;Inicio;22;300;1
Python;100;Lineal;Inicio;23;300;1
Python;100;Lineal;Inicio;24;300;1
Python;100;Lineal;Inicio;25;300;1
Python;100;Lineal;Inicio;26;300;1
Python;100;Lineal;Inicio;27;300;1
Python;100;Lineal;Inicio;28;300;1
Python;100;Lineal;Inicio;29;300;1
Python;100;Lineal;Inicio;30;300;1
Python;100;Binaria;Inicio;1;4600;6
Python;100;Binaria;Inicio;2;2000;6
Python;100;Binaria;Inicio;3;1200;6
Python;100;Binaria;Inicio;4;900;6
Python;100;Binaria;Inicio;5;1000;6
Python;100;Binaria;Inicio;6;1000;6
Python;100;Binaria;Inicio;7;900;6
Python;100;Binaria;Inicio;8;900;6
Python;100;Binaria;Inicio;9;900;6
Python;100;Binaria;Inicio;10;900;6
Python;100;Binaria;Inicio;11;1000;6
Python;100;Binaria;Inicio;12;900;6
Python;100;Binaria;Inicio;13;900;6
Python;100;Binaria;Inicio;14;900;6
Python;100;Binaria;Inicio;15;900;6
Python;100;Binaria;Inicio;16;900;6
Python;100;Binaria;Inicio;17;900;6
Python;100;Binaria;Inicio;18;1000;6
Python;100;Binaria;Inicio;19;900;6
Python;100;Binaria;Inicio;20;900;6
Python;100;Binaria;Inicio;21;1000;6
Python;100;Binaria;Inicio;22;900;6
Python;100;Binaria;Inicio;23;900;6
Python;100;Binaria;Inicio;24;900;6
Python;100;Binaria;Inicio;25;900;6
Python;100;Binaria;Inicio;26;900;6
Python;100;Binaria;Inicio;27;800;6
Python;100;Binaria;Inicio;28;900;6
Python;100;Binaria;Inicio;29;900;6
Python;100;Binaria;Inicio;30;900;6
Python;100;Lineal;Centro;1;3500;51
Python;100;Lineal;Centro;2;3300;51
Python;100;Lineal;Centro;3;3200;51
Python;100;Lineal;Centro;4;3000;51
Python;100;Lineal;Centro;5;3100;51
Python;100;Lineal;Centro;6;3100;51
Python;100;Lineal;Centro;7;3200;51
Python;100;Lineal;Centro;8;3100;51
Python;100;Lineal;Centro;9;3100;51
Python;100;Lineal;Centro;10;3000;51
Python;100;Lineal;Centro;11;3100;51
Python;100;Lineal;Centro;12;3100;51
Python;100;Lineal;Centro;13;3100;51
Python;100;Lineal;Centro;14;3000;51
Python;100;Lineal;Centro;15;3000;51
Python;100;Lineal;Centro;16;3000;51
Python;100;Lineal;Centro;17;3200;51
Python;100;Lineal;Centro;18;3000;51
Python;100;Lineal;Centro;19;3100;51
Python;100;Lineal;Centro;20;3100;51
Python;100;Lineal;Centro;21;3100;51
Python;100;Lineal;Centro;22;3000;51
Python;100;Lineal;Centro;23;3000;51
Python;100;Lineal;Centro;24;3000;51
Python;100;Lineal;Centro;25;3100;51
Python;100;Lineal;Centro;26;3100;51
Python;100;Lineal;Centro;27;3000;51
Python;100;Lineal;Centro;28;3100;51
Python;100;Lineal;Centro;29;3100;51
Python;100;Lineal;Centro;30;3000;51
Python;100;Binaria;Centro;1;1400;6
Python;100;Binaria;Centro;2;1100;6
Python;100;Binaria;Centro;3;1000;6
Python;100;Binaria;Centro;4;900;6
Python;100;Binaria;Centro;5;900;6
Python;100;Binaria;Centro;6;900;6
Python;100;Binaria;Centro;7;1000;6
Python;100;Binaria;Centro;8;1000;6
Python;100;Binaria;Centro;9;900;6
Python;100;Binaria;Centro;10;900;6
Python;100;Binaria;Centro;11;900;6
Python;100;Binaria;Centro;12;1000;6
Python;100;Binaria;Centro;13;900;6
Python;100;Binaria;Centro;14;900;6
Python;100;Binaria;Centro;15;900;6
Python;100;Binaria;Centro;16;900;6
Python;100;Binaria;Centro;17;900;6
Python;100;Binaria;Centro;18;900;6
Python;100;Binaria;Centro;19;1000;6
Python;100;Binaria;Centro;20;900;6
Python;100;Binaria;Centro;21;900;6
Python;100;Binaria;Centro;22;900;6
Python;100;Binaria;Centro;23;900;6
Python;100;Binaria;Centro;24;900;6
Python;100;Binaria;Centro;25;900;6
Python;100;Binaria;Centro;26;1000;6
Python;100;Binaria;Centro;27;900;6
Python;100;Binaria;Centro;28;900;6
Python;100;Binaria;Centro;29;900;6
Python;100;Binaria;Centro;30;900;6
Python;100;Lineal;Final;1;5800;100
Python;100;Lineal;Final;2;5900;100
Python;100;Lineal;Final;3;5900;100
Python;100;Lineal;Final;4;5900;100
Python;100;Lineal;Final;5;5700;100
Python;100;Lineal;Final;6;5700;100
Python;100;Lineal;Final;7;5700;100
Python;100;Lineal;Final;8;5500;100
Python;100;Lineal;Final;9;5600;100
Python;100;Lineal;Final;10;5600;100
Python;100;Lineal;Final;11;5500;100
Python;100;Lineal;Final;12;5600;100
Python;100;Lineal;Final;13;5500;100
Python;100;Lineal;Final;14;5500;100
Python;100;Lineal;Final;15;5500;100
Python;100;Lineal;Final;16;5600;100
Python;100;Lineal;Final;17;5500;100
Python;100;Lineal;Final;18;5500;100
Python;100;Lineal;Final;19;5500;100
Python;100;Lineal;Final;20;5600;100
Python;100;Lineal;Final;21;5600;100
Python;100;Lineal;Final;22;5500;100
Python;100;Lineal;Final;23;5500;100
Python;100;Lineal;Final;24;5700;100
Python;100;Lineal;Final;25;5500;100
Python;100;Lineal;Final;26;5600;100
Python;100;Lineal;Final;27;5600;100
Python;100;Lineal;Final;28;5600;100
Python;100;Lineal;Final;29;5700;100
Python;100;Lineal;Final;30;5800;100
Python;100;Binaria;Final;1;1600;7
Python;100;Binaria;Final;2;1200;7
Python;100;Binaria;Final;3;1100;7
Python;100;Binaria;Final;4;1100;7
Python;100;Binaria;Final;5;1100;7
Python;100;Binaria;Final;6;1100;7
Python;100;Binaria;Final;7;1100;7
Python;100;Binaria;Final;8;1100;7
Python;100;Binaria;Final;9;1100;7
Python;100;Binaria;Final;10;1100;7
Python;100;Binaria;Final;11;1000;7
Python;100;Binaria;Final;12;1100;7
Python;100;Binaria;Final;13;1100;7
Python;100;Binaria;Final;14;1100;7
Python;100;Binaria;Final;15;1100;7
Python;100;Binaria;Final;16;1100;7
Python;100;Binaria;Final;17;1100;7
Python;100;Binaria;Final;18;1100;7
Python;100;Binaria;Final;19;1000;7
Python;100;Binaria;Final;20;1100;7
Python;100;Binaria;Final;21;1200;7
Python;100;Binaria;Final;22;1100;7
Python;100;Binaria;Final;23;1100;7
Python;100;Binaria;Final;24;1100;7
Python;100;Binaria;Final;25;1100;7
Python;100;Binaria;Final;26;1100;7
Python;100;Binaria;Final;27;1100;7
Python;100;Binaria;Final;28;1100;7
Python;100;Binaria;Final;29;1100;7
Python;100;Binaria;Final;30;1000;7
Python;100;Lineal;Ausente;1;6300;100
Python;100;Lineal;Ausente;2;5600;100
Python;100;Lineal;Ausente;3;5500;100
Python;100;Lineal;Ausente;4;5500;100
Python;100;Lineal;Ausente;5;5600;100
Python;100;Lineal;Ausente;6;5500;100
Python;100;Lineal;Ausente;7;5500;100
Python;100;Lineal;Ausente;8;5500;100
Python;100;Lineal;Ausente;9;5600;100
Python;100;Lineal;Ausente;10;5500;100
Python;100;Lineal;Ausente;11;5500;100
Python;100;Lineal;Ausente;12;5500;100
Python;100;Lineal;Ausente;13;5500;100
Python;100;Lineal;Ausente;14;20000;100
Python;100;Lineal;Ausente;15;6000;100
Python;100;Lineal;Ausente;16;5700;100
Python;100;Lineal;Ausente;17;5700;100
Python;100;Lineal;Ausente;18;5700;100
Python;100;Lineal;Ausente;19;5700;100
Python;100;Lineal;Ausente;20;5700;100
Python;100;Lineal;Ausente;21;5900;100
Python;100;Lineal;Ausente;22;5700;100
Python;100;Lineal;Ausente;23;5700;100
Python;100;Lineal;Ausente;24;5700;100
Python;100;Lineal;Ausente;25;5800;100
Python;100;Lineal;Ausente;26;5700;100
Python;100;Lineal;Ausente;27;5700;100
Python;100;Lineal;Ausente;28;5700;100
Python;100;Lineal;Ausente;29;5700;100
Python;100;Lineal;Ausente;30;5700;100
Python;100;Binaria;Ausente;1;1300;6
Python;100;Binaria;Ausente;2;1000;6
Python;100;Binaria;Ausente;3;1000;6
Python;100;Binaria;Ausente;4;1000;6
Python;100;Binaria;Ausente;5;1000;6
Python;100;Binaria;Ausente;6;1000;6
Python;100;Binaria;Ausente;7;1000;6
Python;100;Binaria;Ausente;8;1000;6
Python;100;Binaria;Ausente;9;900;6
Python;100;Binaria;Ausente;10;1000;6
Python;100;Binaria;Ausente;11;1000;6
Python;100;Binaria;Ausente;12;1000;6
Python;100;Binaria;Ausente;13;1000;6
Python;100;Binaria;Ausente;14;1000;6
Python;100;Binaria;Ausente;15;1300;6
Python;100;Binaria;Ausente;16;1100;6
Python;100;Binaria;Ausente;17;1000;6
Python;100;Binaria;Ausente;18;1000;6
Python;100;Binaria;Ausente;19;1000;6
Python;100;Binaria;Ausente;20;1000;6
Python;100;Binaria;Ausente;21;1000;6
Python;100;Binaria;Ausente;22;1000;6
Python;100;Binaria;Ausente;23;900;6
Python;100;Binaria;Ausente;24;900;6
Python;100;Binaria;Ausente;25;1000;6
Python;100;Binaria;Ausente;26;1000;6
Python;100;Binaria;Ausente;27;1000;6
Python;100;Binaria;Ausente;28;1000;6
Python;100;Binaria;Ausente;29;1000;6
Python;100;Binaria;Ausente;30;1000;6
Python;1000;Lineal;Inicio;1;1000;1
Python;1000;Lineal;Inicio;2;500;1
Python;1000;Lineal;Inicio;3;400;1
Python;1000;Lineal;Inicio;4;400;1
Python;1000;Lineal;Inicio;5;500;1
Python;1000;Lineal;Inicio;6;400;1
Python;1000;Lineal;Inicio;7;400;1
Python;1000;Lineal;Inicio;8;300;1
Python;1000;Lineal;Inicio;9;400;1
Python;1000;Lineal;Inicio;10;400;1
Python;1000;Lineal;Inicio;11;400;1
Python;1000;Lineal;Inicio;12;400;1
Python;1000;Lineal;Inicio;13;300;1
Python;1000;Lineal;Inicio;14;300;1
Python;1000;Lineal;Inicio;15;300;1
Python;1000;Lineal;Inicio;16;400;1
Python;1000;Lineal;Inicio;17;300;1
Python;1000;Lineal;Inicio;18;300;1
Python;1000;Lineal;Inicio;19;400;1
Python;1000;Lineal;Inicio;20;300;1
Python;1000;Lineal;Inicio;21;300;1
Python;1000;Lineal;Inicio;22;400;1
Python;1000;Lineal;Inicio;23;300;1
Python;1000;Lineal;Inicio;24;300;1
Python;1000;Lineal;Inicio;25;300;1
Python;1000;Lineal;Inicio;26;400;1
Python;1000;Lineal;Inicio;27;300;1
Python;1000;Lineal;Inicio;28;300;1
Python;1000;Lineal;Inicio;29;400;1
Python;1000;Lineal;Inicio;30;400;1
Python;1000;Binaria;Inicio;1;3200;9
Python;1000;Binaria;Inicio;2;2100;9
Python;1000;Binaria;Inicio;3;1900;9
Python;1000;Binaria;Inicio;4;1400;9
Python;1000;Binaria;Inicio;5;1500;9
Python;1000;Binaria;Inicio;6;1400;9
Python;1000;Binaria;Inicio;7;1400;9
Python;1000;Binaria;Inicio;8;1400;9
Python;1000;Binaria;Inicio;9;1400;9
Python;1000;Binaria;Inicio;10;1400;9
Python;1000;Binaria;Inicio;11;1300;9
Python;1000;Binaria;Inicio;12;1500;9
Python;1000;Binaria;Inicio;13;1400;9
Python;1000;Binaria;Inicio;14;1400;9
Python;1000;Binaria;Inicio;15;1500;9
Python;1000;Binaria;Inicio;16;1400;9
Python;1000;Binaria;Inicio;17;1400;9
Python;1000;Binaria;Inicio;18;1400;9
Python;1000;Binaria;Inicio;19;1300;9
Python;1000;Binaria;Inicio;20;1400;9
Python;1000;Binaria;Inicio;21;1400;9
Python;1000;Binaria;Inicio;22;1400;9
Python;1000;Binaria;Inicio;23;1400;9
Python;1000;Binaria;Inicio;24;1400;9
Python;1000;Binaria;Inicio;25;1400;9
Python;1000;Binaria;Inicio;26;1500;9
Python;1000;Binaria;Inicio;27;1300;9
Python;1000;Binaria;Inicio;28;1400;9
Python;1000;Binaria;Inicio;29;1400;9
Python;1000;Binaria;Inicio;30;1500;9
Python;1000;Lineal;Centro;1;32100;501
Python;1000;Lineal;Centro;2;31100;501
Python;1000;Lineal;Centro;3;30600;501
Python;1000;Lineal;Centro;4;29800;501
Python;1000;Lineal;Centro;5;67800;501
Python;1000;Lineal;Centro;6;31900;501
Python;1000;Lineal;Centro;7;65000;501
Python;1000;Lineal;Centro;8;30800;501
Python;1000;Lineal;Centro;9;29300;501
Python;1000;Lineal;Centro;10;29900;501
Python;1000;Lineal;Centro;11;28900;501
Python;1000;Lineal;Centro;12;29100;501
Python;1000;Lineal;Centro;13;29000;501
Python;1000;Lineal;Centro;14;29200;501
Python;1000;Lineal;Centro;15;28600;501
Python;1000;Lineal;Centro;16;28800;501
Python;1000;Lineal;Centro;17;28900;501
Python;1000;Lineal;Centro;18;29100;501
Python;1000;Lineal;Centro;19;28700;501
Python;1000;Lineal;Centro;20;29000;501
Python;1000;Lineal;Centro;21;28900;501
Python;1000;Lineal;Centro;22;28900;501
Python;1000;Lineal;Centro;23;29600;501
Python;1000;Lineal;Centro;24;37200;501
Python;1000;Lineal;Centro;25;29000;501
Python;1000;Lineal;Centro;26;28200;501
Python;1000;Lineal;Centro;27;28700;501
Python;1000;Lineal;Centro;28;28900;501
Python;1000;Lineal;Centro;29;27700;501
Python;1000;Lineal;Centro;30;28300;501
Python;1000;Binaria;Centro;1;5200;9
Python;1000;Binaria;Centro;2;2200;9
Python;1000;Binaria;Centro;3;1800;9
Python;1000;Binaria;Centro;4;1700;9
Python;1000;Binaria;Centro;5;1700;9
Python;1000;Binaria;Centro;6;1500;9
Python;1000;Binaria;Centro;7;1500;9
Python;1000;Binaria;Centro;8;1500;9
Python;1000;Binaria;Centro;9;1600;9
Python;1000;Binaria;Centro;10;1500;9
Python;1000;Binaria;Centro;11;1700;9
Python;1000;Binaria;Centro;12;1500;9
Python;1000;Binaria;Centro;13;1500;9
Python;1000;Binaria;Centro;14;1500;9
Python;1000;Binaria;Centro;15;1500;9
Python;1000;Binaria;Centro;16;1600;9
Python;1000;Binaria;Centro;17;1600;9
Python;1000;Binaria;Centro;18;1600;9
Python;1000;Binaria;Centro;19;1600;9
Python;1000;Binaria;Centro;20;1500;9
Python;1000;Binaria;Centro;21;1600;9
Python;1000;Binaria;Centro;22;1500;9
Python;1000;Binaria;Centro;23;1500;9
Python;1000;Binaria;Centro;24;1600;9
Python;1000;Binaria;Centro;25;1600;9
Python;1000;Binaria;Centro;26;1400;9
Python;1000;Binaria;Centro;27;1500;9
Python;1000;Binaria;Centro;28;1400;9
Python;1000;Binaria;Centro;29;1500;9
Python;1000;Binaria;Centro;30;1500;9
Python;1000;Lineal;Final;1;62300;1000
Python;1000;Lineal;Final;2;60600;1000
Python;1000;Lineal;Final;3;62700;1000
Python;1000;Lineal;Final;4;58300;1000
Python;1000;Lineal;Final;5;61700;1000
Python;1000;Lineal;Final;6;57600;1000
Python;1000;Lineal;Final;7;61000;1000
Python;1000;Lineal;Final;8;58300;1000
Python;1000;Lineal;Final;9;74700;1000
Python;1000;Lineal;Final;10;62900;1000
Python;1000;Lineal;Final;11;62100;1000
Python;1000;Lineal;Final;12;61800;1000
Python;1000;Lineal;Final;13;61600;1000
Python;1000;Lineal;Final;14;66500;1000
Python;1000;Lineal;Final;15;61800;1000
Python;1000;Lineal;Final;16;62700;1000
Python;1000;Lineal;Final;17;60100;1000
Python;1000;Lineal;Final;18;61300;1000
Python;1000;Lineal;Final;19;61800;1000
Python;1000;Lineal;Final;20;61900;1000
Python;1000;Lineal;Final;21;60300;1000
Python;1000;Lineal;Final;22;62100;1000
Python;1000;Lineal;Final;23;62000;1000
Python;1000;Lineal;Final;24;63100;1000
Python;1000;Lineal;Final;25;61500;1000
Python;1000;Lineal;Final;26;62000;1000
Python;1000;Lineal;Final;27;61800;1000
Python;1000;Lineal;Final;28;59900;1000
Python;1000;Lineal;Final;29;62600;1000
Python;1000;Lineal;Final;30;58000;1000
Python;1000;Binaria;Final;1;3100;10
Python;1000;Binaria;Final;2;2200;10
Python;1000;Binaria;Final;3;2000;10
Python;1000;Binaria;Final;4;1700;10
Python;1000;Binaria;Final;5;1700;10
Python;1000;Binaria;Final;6;1700;10
Python;1000;Binaria;Final;7;1800;10
Python;1000;Binaria;Final;8;1800;10
Python;1000;Binaria;Final;9;1800;10
Python;1000;Binaria;Final;10;1700;10
Python;1000;Binaria;Final;11;1700;10
Python;1000;Binaria;Final;12;1700;10
Python;1000;Binaria;Final;13;1700;10
Python;1000;Binaria;Final;14;1800;10
Python;1000;Binaria;Final;15;1700;10
Python;1000;Binaria;Final;16;1700;10
Python;1000;Binaria;Final;17;1800;10
Python;1000;Binaria;Final;18;1800;10
Python;1000;Binaria;Final;19;1700;10
Python;1000;Binaria;Final;20;1700;10
Python;1000;Binaria;Final;21;1700;10
Python;1000;Binaria;Final;22;1700;10
Python;1000;Binaria;Final;23;1700;10
Python;1000;Binaria;Final;24;1600;10
Python;1000;Binaria;Final;25;1800;10
Python;1000;Binaria;Final;26;1700;10
Python;1000;Binaria;Final;27;1600;10
Python;1000;Binaria;Final;28;1700;10
Python;1000;Binaria;Final;29;1700;10
Python;1000;Binaria;Final;30;1800;10
Python;1000;Lineal;Ausente;1;63700;1000
Python;1000;Lineal;Ausente;2;61100;1000
Python;1000;Lineal;Ausente;3;65100;1000
Python;1000;Lineal;Ausente;4;63200;1000
Python;1000;Lineal;Ausente;5;66200;1000
Python;1000;Lineal;Ausente;6;63400;1000
Python;1000;Lineal;Ausente;7;63300;1000
Python;1000;Lineal;Ausente;8;70700;1000
Python;1000;Lineal;Ausente;9;64200;1000
Python;1000;Lineal;Ausente;10;64800;1000
Python;1000;Lineal;Ausente;11;64100;1000
Python;1000;Lineal;Ausente;12;64000;1000
Python;1000;Lineal;Ausente;13;63700;1000
Python;1000;Lineal;Ausente;14;62800;1000
Python;1000;Lineal;Ausente;15;62900;1000
Python;1000;Lineal;Ausente;16;63200;1000
Python;1000;Lineal;Ausente;17;63400;1000
Python;1000;Lineal;Ausente;18;62800;1000
Python;1000;Lineal;Ausente;19;68400;1000
Python;1000;Lineal;Ausente;20;63900;1000
Python;1000;Lineal;Ausente;21;65700;1000
Python;1000;Lineal;Ausente;22;67200;1000
Python;1000;Lineal;Ausente;23;65000;1000
Python;1000;Lineal;Ausente;24;66100;1000
Python;1000;Lineal;Ausente;25;66100;1000
Python;1000;Lineal;Ausente;26;64000;1000
Python;1000;Lineal;Ausente;27;66100;1000
Python;1000;Lineal;Ausente;28;66500;1000
Python;1000;Lineal;Ausente;29;64500;1000
Python;1000;Lineal;Ausente;30;66700;1000
Python;1000;Binaria;Ausente;1;3400;9
Python;1000;Binaria;Ausente;2;2300;9
Python;1000;Binaria;Ausente;3;1700;9
Python;1000;Binaria;Ausente;4;1500;9
Python;1000;Binaria;Ausente;5;1500;9
Python;1000;Binaria;Ausente;6;1500;9
Python;1000;Binaria;Ausente;7;1500;9
Python;1000;Binaria;Ausente;8;1500;9
Python;1000;Binaria;Ausente;9;1500;9
Python;1000;Binaria;Ausente;10;1500;9
Python;1000;Binaria;Ausente;11;1500;9
Python;1000;Binaria;Ausente;12;1500;9
Python;1000;Binaria;Ausente;13;1400;9
Python;1000;Binaria;Ausente;14;1500;9
Python;1000;Binaria;Ausente;15;1600;9
Python;1000;Binaria;Ausente;16;1400;9
Python;1000;Binaria;Ausente;17;1500;9
Python;1000;Binaria;Ausente;18;1500;9
Python;1000;Binaria;Ausente;19;1600;9
Python;1000;Binaria;Ausente;20;1500;9
Python;1000;Binaria;Ausente;21;1500;9
Python;1000;Binaria;Ausente;22;1400;9
Python;1000;Binaria;Ausente;23;1500;9
Python;1000;Binaria;Ausente;24;1500;9
Python;1000;Binaria;Ausente;25;1500;9
Python;1000;Binaria;Ausente;26;1400;9
Python;1000;Binaria;Ausente;27;1500;9
Python;1000;Binaria;Ausente;28;1500;9
Python;1000;Binaria;Ausente;29;1500;9
Python;1000;Binaria;Ausente;30;1500;9
Python;10000;Lineal;Inicio;1;1300;1
Python;10000;Lineal;Inicio;2;400;1
Python;10000;Lineal;Inicio;3;400;1
Python;10000;Lineal;Inicio;4;400;1
Python;10000;Lineal;Inicio;5;300;1
Python;10000;Lineal;Inicio;6;400;1
Python;10000;Lineal;Inicio;7;300;1
Python;10000;Lineal;Inicio;8;300;1
Python;10000;Lineal;Inicio;9;400;1
Python;10000;Lineal;Inicio;10;400;1
Python;10000;Lineal;Inicio;11;300;1
Python;10000;Lineal;Inicio;12;400;1
Python;10000;Lineal;Inicio;13;400;1
Python;10000;Lineal;Inicio;14;300;1
Python;10000;Lineal;Inicio;15;300;1
Python;10000;Lineal;Inicio;16;400;1
Python;10000;Lineal;Inicio;17;400;1
Python;10000;Lineal;Inicio;18;300;1
Python;10000;Lineal;Inicio;19;300;1
Python;10000;Lineal;Inicio;20;300;1
Python;10000;Lineal;Inicio;21;400;1
Python;10000;Lineal;Inicio;22;400;1
Python;10000;Lineal;Inicio;23;300;1
Python;10000;Lineal;Inicio;24;300;1
Python;10000;Lineal;Inicio;25;300;1
Python;10000;Lineal;Inicio;26;400;1
Python;10000;Lineal;Inicio;27;300;1
Python;10000;Lineal;Inicio;28;300;1
Python;10000;Lineal;Inicio;29;300;1
Python;10000;Lineal;Inicio;30;300;1
Python;10000;Binaria;Inicio;1;3200;13
Python;10000;Binaria;Inicio;2;2100;13
Python;10000;Binaria;Inicio;3;2100;13
Python;10000;Binaria;Inicio;4;2000;13
Python;10000;Binaria;Inicio;5;2000;13
Python;10000;Binaria;Inicio;6;2100;13
Python;10000;Binaria;Inicio;7;2000;13
Python;10000;Binaria;Inicio;8;2100;13
Python;10000;Binaria;Inicio;9;2000;13
Python;10000;Binaria;Inicio;10;2000;13
Python;10000;Binaria;Inicio;11;2000;13
Python;10000;Binaria;Inicio;12;2000;13
Python;10000;Binaria;Inicio;13;1900;13
Python;10000;Binaria;Inicio;14;2400;13
Python;10000;Binaria;Inicio;15;2000;13
Python;10000;Binaria;Inicio;16;2000;13
Python;10000;Binaria;Inicio;17;2000;13
Python;10000;Binaria;Inicio;18;2000;13
Python;10000;Binaria;Inicio;19;1900;13
Python;10000;Binaria;Inicio;20;2000;13
Python;10000;Binaria;Inicio;21;2000;13
Python;10000;Binaria;Inicio;22;2000;13
Python;10000;Binaria;Inicio;23;2100;13
Python;10000;Binaria;Inicio;24;2000;13
Python;10000;Binaria;Inicio;25;2000;13
Python;10000;Binaria;Inicio;26;2000;13
Python;10000;Binaria;Inicio;27;2000;13
Python;10000;Binaria;Inicio;28;2100;13
Python;10000;Binaria;Inicio;29;2000;13
Python;10000;Binaria;Inicio;30;2000;13
Python;10000;Lineal;Centro;1;306100;5001
Python;10000;Lineal;Centro;2;306400;5001
Python;10000;Lineal;Centro;3;305300;5001
Python;10000;Lineal;Centro;4;303600;5001
Python;10000;Lineal;Centro;5;304400;5001
Python;10000;Lineal;Centro;6;307400;5001
Python;10000;Lineal;Centro;7;483900;5001
Python;10000;Lineal;Centro;8;539000;5001
Python;10000;Lineal;Centro;9;616700;5001
Python;10000;Lineal;Centro;10;397700;5001
Python;10000;Lineal;Centro;11;303000;5001
Python;10000;Lineal;Centro;12;301300;5001
Python;10000;Lineal;Centro;13;328000;5001
Python;10000;Lineal;Centro;14;330300;5001
Python;10000;Lineal;Centro;15;436100;5001
Python;10000;Lineal;Centro;16;358500;5001
Python;10000;Lineal;Centro;17;317400;5001
Python;10000;Lineal;Centro;18;319900;5001
Python;10000;Lineal;Centro;19;317200;5001
Python;10000;Lineal;Centro;20;318200;5001
Python;10000;Lineal;Centro;21;319100;5001
Python;10000;Lineal;Centro;22;327900;5001
Python;10000;Lineal;Centro;23;323600;5001
Python;10000;Lineal;Centro;24;320400;5001
Python;10000;Lineal;Centro;25;356900;5001
Python;10000;Lineal;Centro;26;570500;5001
Python;10000;Lineal;Centro;27;539100;5001
Python;10000;Lineal;Centro;28;530500;5001
Python;10000;Lineal;Centro;29;418300;5001
Python;10000;Lineal;Centro;30;300200;5001
Python;10000;Binaria;Centro;1;4600;13
Python;10000;Binaria;Centro;2;2400;13
Python;10000;Binaria;Centro;3;2100;13
Python;10000;Binaria;Centro;4;2100;13
Python;10000;Binaria;Centro;5;2200;13
Python;10000;Binaria;Centro;6;2200;13
Python;10000;Binaria;Centro;7;2100;13
Python;10000;Binaria;Centro;8;2000;13
Python;10000;Binaria;Centro;9;2100;13
Python;10000;Binaria;Centro;10;2100;13
Python;10000;Binaria;Centro;11;2100;13
Python;10000;Binaria;Centro;12;2100;13
Python;10000;Binaria;Centro;13;2100;13
Python;10000;Binaria;Centro;14;2100;13
Python;10000;Binaria;Centro;15;2200;13
Python;10000;Binaria;Centro;16;2300;13
Python;10000;Binaria;Centro;17;2100;13
Python;10000;Binaria;Centro;18;2200;13
Python;10000;Binaria;Centro;19;2200;13
Python;10000;Binaria;Centro;20;2200;13
Python;10000;Binaria;Centro;21;2200;13
Python;10000;Binaria;Centro;22;2200;13
Python;10000;Binaria;Centro;23;2200;13
Python;10000;Binaria;Centro;24;2200;13
Python;10000;Binaria;Centro;25;2100;13
Python;10000;Binaria;Centro;26;2200;13
Python;10000;Binaria;Centro;27;2200;13
Python;10000;Binaria;Centro;28;2200;13
Python;10000;Binaria;Centro;29;2100;13
Python;10000;Binaria;Centro;30;2100;13
Python;10000;Lineal;Final;1;672000;10000
Python;10000;Lineal;Final;2;728800;10000
Python;10000;Lineal;Final;3;750400;10000
Python;10000;Lineal;Final;4;772600;10000
Python;10000;Lineal;Final;5;886800;10000
Python;10000;Lineal;Final;6;1155200;10000
Python;10000;Lineal;Final;7;1167000;10000
Python;10000;Lineal;Final;8;721100;10000
Python;10000;Lineal;Final;9;727800;10000
Python;10000;Lineal;Final;10;925400;10000
Python;10000;Lineal;Final;11;598100;10000
Python;10000;Lineal;Final;12;1058900;10000
Python;10000;Lineal;Final;13;653000;10000
Python;10000;Lineal;Final;14;759700;10000
Python;10000;Lineal;Final;15;1111500;10000
Python;10000;Lineal;Final;16;891200;10000
Python;10000;Lineal;Final;17;601800;10000
Python;10000;Lineal;Final;18;597400;10000
Python;10000;Lineal;Final;19;594900;10000
Python;10000;Lineal;Final;20;592400;10000
Python;10000;Lineal;Final;21;595900;10000
Python;10000;Lineal;Final;22;673400;10000
Python;10000;Lineal;Final;23;664800;10000
Python;10000;Lineal;Final;24;1184900;10000
Python;10000;Lineal;Final;25;1078600;10000
Python;10000;Lineal;Final;26;1142100;10000
Python;10000;Lineal;Final;27;1090100;10000
Python;10000;Lineal;Final;28;842300;10000
Python;10000;Lineal;Final;29;1091800;10000
Python;10000;Lineal;Final;30;1176200;10000
Python;10000;Binaria;Final;1;13100;14
Python;10000;Binaria;Final;2;5400;14
Python;10000;Binaria;Final;3;4500;14
Python;10000;Binaria;Final;4;4400;14
Python;10000;Binaria;Final;5;4700;14
Python;10000;Binaria;Final;6;4200;14
Python;10000;Binaria;Final;7;4300;14
Python;10000;Binaria;Final;8;4900;14
Python;10000;Binaria;Final;9;4200;14
Python;10000;Binaria;Final;10;4600;14
Python;10000;Binaria;Final;11;4400;14
Python;10000;Binaria;Final;12;4200;14
Python;10000;Binaria;Final;13;4500;14
Python;10000;Binaria;Final;14;5700;14
Python;10000;Binaria;Final;15;4600;14
Python;10000;Binaria;Final;16;4700;14
Python;10000;Binaria;Final;17;4600;14
Python;10000;Binaria;Final;18;4500;14
Python;10000;Binaria;Final;19;4300;14
Python;10000;Binaria;Final;20;4300;14
Python;10000;Binaria;Final;21;4600;14
Python;10000;Binaria;Final;22;4500;14
Python;10000;Binaria;Final;23;4500;14
Python;10000;Binaria;Final;24;4400;14
Python;10000;Binaria;Final;25;4400;14
Python;10000;Binaria;Final;26;4400;14
Python;10000;Binaria;Final;27;4300;14
Python;10000;Binaria;Final;28;4400;14
Python;10000;Binaria;Final;29;4700;14
Python;10000;Binaria;Final;30;4500;14
Python;10000;Lineal;Ausente;1;1221700;10000
Python;10000;Lineal;Ausente;2;1151700;10000
Python;10000;Lineal;Ausente;3;973100;10000
Python;10000;Lineal;Ausente;4;706200;10000
Python;10000;Lineal;Ausente;5;826400;10000
Python;10000;Lineal;Ausente;6;835000;10000
Python;10000;Lineal;Ausente;7;1035200;10000
Python;10000;Lineal;Ausente;8;1253100;10000
Python;10000;Lineal;Ausente;9;1252600;10000
Python;10000;Lineal;Ausente;10;1226400;10000
Python;10000;Lineal;Ausente;11;1120200;10000
Python;10000;Lineal;Ausente;12;1091700;10000
Python;10000;Lineal;Ausente;13;1150500;10000
Python;10000;Lineal;Ausente;14;1264800;10000
Python;10000;Lineal;Ausente;15;1261500;10000
Python;10000;Lineal;Ausente;16;1170700;10000
Python;10000;Lineal;Ausente;17;1169000;10000
Python;10000;Lineal;Ausente;18;949100;10000
Python;10000;Lineal;Ausente;19;1002400;10000
Python;10000;Lineal;Ausente;20;1024300;10000
Python;10000;Lineal;Ausente;21;1028900;10000
Python;10000;Lineal;Ausente;22;1125600;10000
Python;10000;Lineal;Ausente;23;738400;10000
Python;10000;Lineal;Ausente;24;658400;10000
Python;10000;Lineal;Ausente;25;626300;10000
Python;10000;Lineal;Ausente;26;672400;10000
Python;10000;Lineal;Ausente;27;904600;10000
Python;10000;Lineal;Ausente;28;1268100;10000
Python;10000;Lineal;Ausente;29;1221300;10000
Python;10000;Lineal;Ausente;30;652200;10000
Python;10000;Binaria;Ausente;1;5400;13
Python;10000;Binaria;Ausente;2;2800;13
Python;10000;Binaria;Ausente;3;2200;13
Python;10000;Binaria;Ausente;4;2100;13
Python;10000;Binaria;Ausente;5;2100;13
Python;10000;Binaria;Ausente;6;2100;13
Python;10000;Binaria;Ausente;7;2300;13
Python;10000;Binaria;Ausente;8;2100;13
Python;10000;Binaria;Ausente;9;2100;13
Python;10000;Binaria;Ausente;10;2300;13
Python;10000;Binaria;Ausente;11;2100;13
Python;10000;Binaria;Ausente;12;2100;13
Python;10000;Binaria;Ausente;13;2200;13
Python;10000;Binaria;Ausente;14;2100;13
Python;10000;Binaria;Ausente;15;2200;13
Python;10000;Binaria;Ausente;16;2200;13
Python;10000;Binaria;Ausente;17;2100;13
Python;10000;Binaria;Ausente;18;2100;13
Python;10000;Binaria;Ausente;19;2200;13
Python;10000;Binaria;Ausente;20;2100;13
Python;10000;Binaria;Ausente;21;2100;13
Python;10000;Binaria;Ausente;22;2100;13
Python;10000;Binaria;Ausente;23;2200;13
Python;10000;Binaria;Ausente;24;2100;13
Python;10000;Binaria;Ausente;25;2100;13
Python;10000;Binaria;Ausente;26;2000;13
Python;10000;Binaria;Ausente;27;2100;13
Python;10000;Binaria;Ausente;28;2100;13
Python;10000;Binaria;Ausente;29;2000;13
Python;10000;Binaria;Ausente;30;2100;13
Python;100000;Lineal;Inicio;1;3900;1
Python;100000;Lineal;Inicio;2;700;1
Python;100000;Lineal;Inicio;3;400;1
Python;100000;Lineal;Inicio;4;500;1
Python;100000;Lineal;Inicio;5;400;1
Python;100000;Lineal;Inicio;6;500;1
Python;100000;Lineal;Inicio;7;400;1
Python;100000;Lineal;Inicio;8;500;1
Python;100000;Lineal;Inicio;9;500;1
Python;100000;Lineal;Inicio;10;400;1
Python;100000;Lineal;Inicio;11;400;1
Python;100000;Lineal;Inicio;12;500;1
Python;100000;Lineal;Inicio;13;500;1
Python;100000;Lineal;Inicio;14;400;1
Python;100000;Lineal;Inicio;15;500;1
Python;100000;Lineal;Inicio;16;500;1
Python;100000;Lineal;Inicio;17;500;1
Python;100000;Lineal;Inicio;18;500;1
Python;100000;Lineal;Inicio;19;400;1
Python;100000;Lineal;Inicio;20;700;1
Python;100000;Lineal;Inicio;21;500;1
Python;100000;Lineal;Inicio;22;400;1
Python;100000;Lineal;Inicio;23;400;1
Python;100000;Lineal;Inicio;24;400;1
Python;100000;Lineal;Inicio;25;500;1
Python;100000;Lineal;Inicio;26;500;1
Python;100000;Lineal;Inicio;27;400;1
Python;100000;Lineal;Inicio;28;500;1
Python;100000;Lineal;Inicio;29;400;1
Python;100000;Lineal;Inicio;30;400;1
Python;100000;Binaria;Inicio;1;7600;16
Python;100000;Binaria;Inicio;2;3500;16
Python;100000;Binaria;Inicio;3;2900;16
Python;100000;Binaria;Inicio;4;2900;16
Python;100000;Binaria;Inicio;5;3000;16
Python;100000;Binaria;Inicio;6;2900;16
Python;100000;Binaria;Inicio;7;3000;16
Python;100000;Binaria;Inicio;8;3000;16
Python;100000;Binaria;Inicio;9;3000;16
Python;100000;Binaria;Inicio;10;3000;16
Python;100000;Binaria;Inicio;11;2900;16
Python;100000;Binaria;Inicio;12;3000;16
Python;100000;Binaria;Inicio;13;3000;16
Python;100000;Binaria;Inicio;14;3000;16
Python;100000;Binaria;Inicio;15;2900;16
Python;100000;Binaria;Inicio;16;3100;16
Python;100000;Binaria;Inicio;17;3000;16
Python;100000;Binaria;Inicio;18;3000;16
Python;100000;Binaria;Inicio;19;2900;16
Python;100000;Binaria;Inicio;20;3000;16
Python;100000;Binaria;Inicio;21;2900;16
Python;100000;Binaria;Inicio;22;3000;16
Python;100000;Binaria;Inicio;23;3100;16
Python;100000;Binaria;Inicio;24;3000;16
Python;100000;Binaria;Inicio;25;3000;16
Python;100000;Binaria;Inicio;26;3000;16
Python;100000;Binaria;Inicio;27;3000;16
Python;100000;Binaria;Inicio;28;3000;16
Python;100000;Binaria;Inicio;29;3000;16
Python;100000;Binaria;Inicio;30;2900;16
Python;100000;Lineal;Centro;1;4396500;50001
Python;100000;Lineal;Centro;2;4132200;50001
Python;100000;Lineal;Centro;3;4726900;50001
Python;100000;Lineal;Centro;4;4244900;50001
Python;100000;Lineal;Centro;5;5180400;50001
Python;100000;Lineal;Centro;6;5285300;50001
Python;100000;Lineal;Centro;7;4441600;50001
Python;100000;Lineal;Centro;8;3316200;50001
Python;100000;Lineal;Centro;9;3095900;50001
Python;100000;Lineal;Centro;10;3675500;50001
Python;100000;Lineal;Centro;11;3303800;50001
Python;100000;Lineal;Centro;12;3676400;50001
Python;100000;Lineal;Centro;13;3735100;50001
Python;100000;Lineal;Centro;14;3263200;50001
Python;100000;Lineal;Centro;15;3061700;50001
Python;100000;Lineal;Centro;16;3067500;50001
Python;100000;Lineal;Centro;17;3006500;50001
Python;100000;Lineal;Centro;18;2981400;50001
Python;100000;Lineal;Centro;19;3133100;50001
Python;100000;Lineal;Centro;20;3007800;50001
Python;100000;Lineal;Centro;21;3292300;50001
Python;100000;Lineal;Centro;22;3162400;50001
Python;100000;Lineal;Centro;23;3166400;50001
Python;100000;Lineal;Centro;24;3287700;50001
Python;100000;Lineal;Centro;25;3267300;50001
Python;100000;Lineal;Centro;26;3278900;50001
Python;100000;Lineal;Centro;27;3260500;50001
Python;100000;Lineal;Centro;28;3278800;50001
Python;100000;Lineal;Centro;29;3046800;50001
Python;100000;Lineal;Centro;30;3259400;50001
Python;100000;Binaria;Centro;1;10300;16
Python;100000;Binaria;Centro;2;3100;16
Python;100000;Binaria;Centro;3;2600;16
Python;100000;Binaria;Centro;4;2900;16
Python;100000;Binaria;Centro;5;2600;16
Python;100000;Binaria;Centro;6;2500;16
Python;100000;Binaria;Centro;7;2700;16
Python;100000;Binaria;Centro;8;2600;16
Python;100000;Binaria;Centro;9;2500;16
Python;100000;Binaria;Centro;10;3000;16
Python;100000;Binaria;Centro;11;2500;16
Python;100000;Binaria;Centro;12;2600;16
Python;100000;Binaria;Centro;13;2600;16
Python;100000;Binaria;Centro;14;2600;16
Python;100000;Binaria;Centro;15;2600;16
Python;100000;Binaria;Centro;16;2600;16
Python;100000;Binaria;Centro;17;2600;16
Python;100000;Binaria;Centro;18;2500;16
Python;100000;Binaria;Centro;19;2500;16
Python;100000;Binaria;Centro;20;2600;16
Python;100000;Binaria;Centro;21;2500;16
Python;100000;Binaria;Centro;22;2500;16
Python;100000;Binaria;Centro;23;2500;16
Python;100000;Binaria;Centro;24;2500;16
Python;100000;Binaria;Centro;25;2500;16
Python;100000;Binaria;Centro;26;2800;16
Python;100000;Binaria;Centro;27;2400;16
Python;100000;Binaria;Centro;28;2400;16
Python;100000;Binaria;Centro;29;2500;16
Python;100000;Binaria;Centro;30;2600;16
Python;100000;Lineal;Final;1;6023100;100000
Python;100000;Lineal;Final;2;6239100;100000
Python;100000;Lineal;Final;3;5993300;100000
Python;100000;Lineal;Final;4;6543600;100000
Python;100000;Lineal;Final;5;6414300;100000
Python;100000;Lineal;Final;6;6508900;100000
Python;100000;Lineal;Final;7;6067400;100000
Python;100000;Lineal;Final;8;6285600;100000
Python;100000;Lineal;Final;9;6608900;100000
Python;100000;Lineal;Final;10;6364300;100000
Python;100000;Lineal;Final;11;6426500;100000
Python;100000;Lineal;Final;12;6412900;100000
Python;100000;Lineal;Final;13;6346000;100000
Python;100000;Lineal;Final;14;6025400;100000
Python;100000;Lineal;Final;15;6136900;100000
Python;100000;Lineal;Final;16;6472900;100000
Python;100000;Lineal;Final;17;6126400;100000
Python;100000;Lineal;Final;18;6354500;100000
Python;100000;Lineal;Final;19;6370900;100000
Python;100000;Lineal;Final;20;6530000;100000
Python;100000;Lineal;Final;21;6425800;100000
Python;100000;Lineal;Final;22;6237400;100000
Python;100000;Lineal;Final;23;6322800;100000
Python;100000;Lineal;Final;24;6615000;100000
Python;100000;Lineal;Final;25;6056100;100000
Python;100000;Lineal;Final;26;6491100;100000
Python;100000;Lineal;Final;27;6346900;100000
Python;100000;Lineal;Final;28;6560200;100000
Python;100000;Lineal;Final;29;6602600;100000
Python;100000;Lineal;Final;30;6258000;100000
Python;100000;Binaria;Final;1;8000;17
Python;100000;Binaria;Final;2;3200;17
Python;100000;Binaria;Final;3;2800;17
Python;100000;Binaria;Final;4;2700;17
Python;100000;Binaria;Final;5;2800;17
Python;100000;Binaria;Final;6;2700;17
Python;100000;Binaria;Final;7;2700;17
Python;100000;Binaria;Final;8;2800;17
Python;100000;Binaria;Final;9;2700;17
Python;100000;Binaria;Final;10;2700;17
Python;100000;Binaria;Final;11;2600;17
Python;100000;Binaria;Final;12;2700;17
Python;100000;Binaria;Final;13;2800;17
Python;100000;Binaria;Final;14;2700;17
Python;100000;Binaria;Final;15;2600;17
Python;100000;Binaria;Final;16;2600;17
Python;100000;Binaria;Final;17;2700;17
Python;100000;Binaria;Final;18;2700;17
Python;100000;Binaria;Final;19;2700;17
Python;100000;Binaria;Final;20;2700;17
Python;100000;Binaria;Final;21;2800;17
Python;100000;Binaria;Final;22;2700;17
Python;100000;Binaria;Final;23;2600;17
Python;100000;Binaria;Final;24;2800;17
Python;100000;Binaria;Final;25;2800;17
Python;100000;Binaria;Final;26;2800;17
Python;100000;Binaria;Final;27;2700;17
Python;100000;Binaria;Final;28;2700;17
Python;100000;Binaria;Final;29;2700;17
Python;100000;Binaria;Final;30;2700;17
Python;100000;Lineal;Ausente;1;6184000;100000
Python;100000;Lineal;Ausente;2;6448500;100000
Python;100000;Lineal;Ausente;3;6405300;100000
Python;100000;Lineal;Ausente;4;6394700;100000
Python;100000;Lineal;Ausente;5;6243100;100000
Python;100000;Lineal;Ausente;6;6471000;100000
Python;100000;Lineal;Ausente;7;6156700;100000
Python;100000;Lineal;Ausente;8;6284500;100000
Python;100000;Lineal;Ausente;9;6286200;100000
Python;100000;Lineal;Ausente;10;6677600;100000
Python;100000;Lineal;Ausente;11;6541900;100000
Python;100000;Lineal;Ausente;12;6631400;100000
Python;100000;Lineal;Ausente;13;8539900;100000
Python;100000;Lineal;Ausente;14;8638800;100000
Python;100000;Lineal;Ausente;15;7609400;100000
Python;100000;Lineal;Ausente;16;8629100;100000
Python;100000;Lineal;Ausente;17;7141100;100000
Python;100000;Lineal;Ausente;18;7674200;100000
Python;100000;Lineal;Ausente;19;7131000;100000
Python;100000;Lineal;Ausente;20;7411600;100000
Python;100000;Lineal;Ausente;21;8052400;100000
Python;100000;Lineal;Ausente;22;7831100;100000
Python;100000;Lineal;Ausente;23;6713300;100000
Python;100000;Lineal;Ausente;24;6599500;100000
Python;100000;Lineal;Ausente;25;6291000;100000
Python;100000;Lineal;Ausente;26;6361800;100000
Python;100000;Lineal;Ausente;27;6270500;100000
Python;100000;Lineal;Ausente;28;6459100;100000
Python;100000;Lineal;Ausente;29;6676900;100000
Python;100000;Lineal;Ausente;30;6547200;100000
Python;100000;Binaria;Ausente;1;10400;16
Python;100000;Binaria;Ausente;2;3200;16
Python;100000;Binaria;Ausente;3;2700;16
Python;100000;Binaria;Ausente;4;2600;16
Python;100000;Binaria;Ausente;5;2800;16
Python;100000;Binaria;Ausente;6;2600;16
Python;100000;Binaria;Ausente;7;2700;16
Python;100000;Binaria;Ausente;8;2600;16
Python;100000;Binaria;Ausente;9;2600;16
Python;100000;Binaria;Ausente;10;2600;16
Python;100000;Binaria;Ausente;11;2600;16
Python;100000;Binaria;Ausente;12;2800;16
Python;100000;Binaria;Ausente;13;2600;16
Python;100000;Binaria;Ausente;14;2600;16
Python;100000;Binaria;Ausente;15;2500;16
Python;100000;Binaria;Ausente;16;2600;16
Python;100000;Binaria;Ausente;17;2600;16
Python;100000;Binaria;Ausente;18;2600;16
Python;100000;Binaria;Ausente;19;2500;16
Python;100000;Binaria;Ausente;20;2600;16
Python;100000;Binaria;Ausente;21;2700;16
Python;100000;Binaria;Ausente;22;2600;16
Python;100000;Binaria;Ausente;23;2600;16
Python;100000;Binaria;Ausente;24;2600;16
Python;100000;Binaria;Ausente;25;2600;16
Python;100000;Binaria;Ausente;26;2500;16
Python;100000;Binaria;Ausente;27;2600;16
Python;100000;Binaria;Ausente;28;2500;16
Python;100000;Binaria;Ausente;29;2600;16
Python;100000;Binaria;Ausente;30;2600;16
Python;500000;Lineal;Inicio;1;4600;1
Python;500000;Lineal;Inicio;2;600;1
Python;500000;Lineal;Inicio;3;400;1
Python;500000;Lineal;Inicio;4;300;1
Python;500000;Lineal;Inicio;5;400;1
Python;500000;Lineal;Inicio;6;300;1
Python;500000;Lineal;Inicio;7;400;1
Python;500000;Lineal;Inicio;8;300;1
Python;500000;Lineal;Inicio;9;300;1
Python;500000;Lineal;Inicio;10;300;1
Python;500000;Lineal;Inicio;11;300;1
Python;500000;Lineal;Inicio;12;400;1
Python;500000;Lineal;Inicio;13;400;1
Python;500000;Lineal;Inicio;14;400;1
Python;500000;Lineal;Inicio;15;300;1
Python;500000;Lineal;Inicio;16;300;1
Python;500000;Lineal;Inicio;17;300;1
Python;500000;Lineal;Inicio;18;300;1
Python;500000;Lineal;Inicio;19;300;1
Python;500000;Lineal;Inicio;20;300;1
Python;500000;Lineal;Inicio;21;300;1
Python;500000;Lineal;Inicio;22;300;1
Python;500000;Lineal;Inicio;23;300;1
Python;500000;Lineal;Inicio;24;400;1
Python;500000;Lineal;Inicio;25;300;1
Python;500000;Lineal;Inicio;26;300;1
Python;500000;Lineal;Inicio;27;300;1
Python;500000;Lineal;Inicio;28;400;1
Python;500000;Lineal;Inicio;29;400;1
Python;500000;Lineal;Inicio;30;400;1
Python;500000;Binaria;Inicio;1;8700;18
Python;500000;Binaria;Inicio;2;3000;18
Python;500000;Binaria;Inicio;3;2900;18
Python;500000;Binaria;Inicio;4;2800;18
Python;500000;Binaria;Inicio;5;2800;18
Python;500000;Binaria;Inicio;6;2700;18
Python;500000;Binaria;Inicio;7;2800;18
Python;500000;Binaria;Inicio;8;2700;18
Python;500000;Binaria;Inicio;9;2700;18
Python;500000;Binaria;Inicio;10;2900;18
Python;500000;Binaria;Inicio;11;2600;18
Python;500000;Binaria;Inicio;12;2800;18
Python;500000;Binaria;Inicio;13;2800;18
Python;500000;Binaria;Inicio;14;2700;18
Python;500000;Binaria;Inicio;15;2700;18
Python;500000;Binaria;Inicio;16;2800;18
Python;500000;Binaria;Inicio;17;2700;18
Python;500000;Binaria;Inicio;18;2800;18
Python;500000;Binaria;Inicio;19;2600;18
Python;500000;Binaria;Inicio;20;2700;18
Python;500000;Binaria;Inicio;21;2700;18
Python;500000;Binaria;Inicio;22;2700;18
Python;500000;Binaria;Inicio;23;2700;18
Python;500000;Binaria;Inicio;24;2700;18
Python;500000;Binaria;Inicio;25;2800;18
Python;500000;Binaria;Inicio;26;2800;18
Python;500000;Binaria;Inicio;27;2800;18
Python;500000;Binaria;Inicio;28;2700;18
Python;500000;Binaria;Inicio;29;2800;18
Python;500000;Binaria;Inicio;30;2700;18
Python;500000;Lineal;Centro;1;15784000;250001
Python;500000;Lineal;Centro;2;16072800;250001
Python;500000;Lineal;Centro;3;16421500;250001
Python;500000;Lineal;Centro;4;15937300;250001
Python;500000;Lineal;Centro;5;22061900;250001
Python;500000;Lineal;Centro;6;24975900;250001
Python;500000;Lineal;Centro;7;24604800;250001
Python;500000;Lineal;Centro;8;19365100;250001
Python;500000;Lineal;Centro;9;20557500;250001
Python;500000;Lineal;Centro;10;17912600;250001
Python;500000;Lineal;Centro;11;15717900;250001
Python;500000;Lineal;Centro;12;15787900;250001
Python;500000;Lineal;Centro;13;16235200;250001
Python;500000;Lineal;Centro;14;16049600;250001
Python;500000;Lineal;Centro;15;16834700;250001
Python;500000;Lineal;Centro;16;16020500;250001
Python;500000;Lineal;Centro;17;15703800;250001
Python;500000;Lineal;Centro;18;15790000;250001
Python;500000;Lineal;Centro;19;16139600;250001
Python;500000;Lineal;Centro;20;15788300;250001
Python;500000;Lineal;Centro;21;15999500;250001
Python;500000;Lineal;Centro;22;15778600;250001
Python;500000;Lineal;Centro;23;16449100;250001
Python;500000;Lineal;Centro;24;15569200;250001
Python;500000;Lineal;Centro;25;16201800;250001
Python;500000;Lineal;Centro;26;15957700;250001
Python;500000;Lineal;Centro;27;15749100;250001
Python;500000;Lineal;Centro;28;15807100;250001
Python;500000;Lineal;Centro;29;16476500;250001
Python;500000;Lineal;Centro;30;16003700;250001
Python;500000;Binaria;Centro;1;10700;18
Python;500000;Binaria;Centro;2;3500;18
Python;500000;Binaria;Centro;3;3200;18
Python;500000;Binaria;Centro;4;2800;18
Python;500000;Binaria;Centro;5;3100;18
Python;500000;Binaria;Centro;6;2900;18
Python;500000;Binaria;Centro;7;2900;18
Python;500000;Binaria;Centro;8;2900;18
Python;500000;Binaria;Centro;9;2800;18
Python;500000;Binaria;Centro;10;2900;18
Python;500000;Binaria;Centro;11;2900;18
Python;500000;Binaria;Centro;12;2900;18
Python;500000;Binaria;Centro;13;2800;18
Python;500000;Binaria;Centro;14;2800;18
Python;500000;Binaria;Centro;15;2800;18
Python;500000;Binaria;Centro;16;2900;18
Python;500000;Binaria;Centro;17;3000;18
Python;500000;Binaria;Centro;18;2800;18
Python;500000;Binaria;Centro;19;2900;18
Python;500000;Binaria;Centro;20;2900;18
Python;500000;Binaria;Centro;21;2800;18
Python;500000;Binaria;Centro;22;2900;18
Python;500000;Binaria;Centro;23;2800;18
Python;500000;Binaria;Centro;24;3000;18
Python;500000;Binaria;Centro;25;2700;18
Python;500000;Binaria;Centro;26;2800;18
Python;500000;Binaria;Centro;27;2800;18
Python;500000;Binaria;Centro;28;2800;18
Python;500000;Binaria;Centro;29;2800;18
Python;500000;Binaria;Centro;30;3000;18
Python;500000;Lineal;Final;1;46433500;500000
Python;500000;Lineal;Final;2;41640900;500000
Python;500000;Lineal;Final;3;31678900;500000
Python;500000;Lineal;Final;4;32126000;500000
Python;500000;Lineal;Final;5;32094700;500000
Python;500000;Lineal;Final;6;32307800;500000
Python;500000;Lineal;Final;7;32781300;500000
Python;500000;Lineal;Final;8;32724900;500000
Python;500000;Lineal;Final;9;55847800;500000
Python;500000;Lineal;Final;10;57343600;500000
Python;500000;Lineal;Final;11;43150000;500000
Python;500000;Lineal;Final;12;37639600;500000
Python;500000;Lineal;Final;13;39438600;500000
Python;500000;Lineal;Final;14;44765900;500000
Python;500000;Lineal;Final;15;34980400;500000
Python;500000;Lineal;Final;16;35776200;500000
Python;500000;Lineal;Final;17;41408300;500000
Python;500000;Lineal;Final;18;38795500;500000
Python;500000;Lineal;Final;19;32244600;500000
Python;500000;Lineal;Final;20;32229900;500000
Python;500000;Lineal;Final;21;31907500;500000
Python;500000;Lineal;Final;22;31464200;500000
Python;500000;Lineal;Final;23;38228900;500000
Python;500000;Lineal;Final;24;31505300;500000
Python;500000;Lineal;Final;25;33967000;500000
Python;500000;Lineal;Final;26;50132500;500000
Python;500000;Lineal;Final;27;61217700;500000
Python;500000;Lineal;Final;28;51414900;500000
Python;500000;Lineal;Final;29;47421200;500000
Python;500000;Lineal;Final;30;41452600;500000
Python;500000;Binaria;Final;1;8600;19
Python;500000;Binaria;Final;2;3700;19
Python;500000;Binaria;Final;3;3000;19
Python;500000;Binaria;Final;4;3000;19
Python;500000;Binaria;Final;5;3000;19
Python;500000;Binaria;Final;6;3000;19
Python;500000;Binaria;Final;7;3000;19
Python;500000;Binaria;Final;8;2900;19
Python;500000;Binaria;Final;9;2900;19
Python;500000;Binaria;Final;10;3000;19
Python;500000;Binaria;Final;11;3100;19
Python;500000;Binaria;Final;12;2900;19
Python;500000;Binaria;Final;13;3000;19
Python;500000;Binaria;Final;14;3000;19
Python;500000;Binaria;Final;15;3100;19
Python;500000;Binaria;Final;16;2900;19
Python;500000;Binaria;Final;17;2900;19
Python;500000;Binaria;Final;18;2900;19
Python;500000;Binaria;Final;19;2900;19
Python;500000;Binaria;Final;20;2900;19
Python;500000;Binaria;Final;21;2900;19
Python;500000;Binaria;Final;22;2900;19
Python;500000;Binaria;Final;23;2900;19
Python;500000;Binaria;Final;24;2900;19
Python;500000;Binaria;Final;25;2800;19
Python;500000;Binaria;Final;26;3000;19
Python;500000;Binaria;Final;27;2900;19
Python;500000;Binaria;Final;28;2900;19
Python;500000;Binaria;Final;29;3000;19
Python;500000;Binaria;Final;30;3000;19
Python;500000;Lineal;Ausente;1;39036300;500000
Python;500000;Lineal;Ausente;2;36073900;500000
Python;500000;Lineal;Ausente;3;32457000;500000
Python;500000;Lineal;Ausente;4;31881500;500000
Python;500000;Lineal;Ausente;5;34602800;500000
Python;500000;Lineal;Ausente;6;32797300;500000
Python;500000;Lineal;Ausente;7;33131400;500000
Python;500000;Lineal;Ausente;8;49847500;500000
Python;500000;Lineal;Ausente;9;48561600;500000
Python;500000;Lineal;Ausente;10;48394900;500000
Python;500000;Lineal;Ausente;11;36612200;500000
Python;500000;Lineal;Ausente;12;31103300;500000
Python;500000;Lineal;Ausente;13;31740400;500000
Python;500000;Lineal;Ausente;14;34287900;500000
Python;500000;Lineal;Ausente;15;32446400;500000
Python;500000;Lineal;Ausente;16;33279500;500000
Python;500000;Lineal;Ausente;17;33576300;500000
Python;500000;Lineal;Ausente;18;37686000;500000
Python;500000;Lineal;Ausente;19;42926300;500000
Python;500000;Lineal;Ausente;20;37779900;500000
Python;500000;Lineal;Ausente;21;33157000;500000
Python;500000;Lineal;Ausente;22;31795700;500000
Python;500000;Lineal;Ausente;23;33393300;500000
Python;500000;Lineal;Ausente;24;40464500;500000
Python;500000;Lineal;Ausente;25;33754400;500000
Python;500000;Lineal;Ausente;26;32459600;500000
Python;500000;Lineal;Ausente;27;36769100;500000
Python;500000;Lineal;Ausente;28;33465100;500000
Python;500000;Lineal;Ausente;29;32112100;500000
Python;500000;Lineal;Ausente;30;33946600;500000
Python;500000;Binaria;Ausente;1;17300;18
Python;500000;Binaria;Ausente;2;5900;18
Python;500000;Binaria;Ausente;3;4600;18
Python;500000;Binaria;Ausente;4;114400;18
Python;500000;Binaria;Ausente;5;9300;18
Python;500000;Binaria;Ausente;6;5300;18
Python;500000;Binaria;Ausente;7;4700;18
Python;500000;Binaria;Ausente;8;4600;18
Python;500000;Binaria;Ausente;9;4700;18
Python;500000;Binaria;Ausente;10;4800;18
Python;500000;Binaria;Ausente;11;4800;18
Python;500000;Binaria;Ausente;12;4500;18
Python;500000;Binaria;Ausente;13;4500;18
Python;500000;Binaria;Ausente;14;5000;18
Python;500000;Binaria;Ausente;15;4500;18
Python;500000;Binaria;Ausente;16;4500;18
Python;500000;Binaria;Ausente;17;4500;18
Python;500000;Binaria;Ausente;18;4600;18
Python;500000;Binaria;Ausente;19;4600;18
Python;500000;Binaria;Ausente;20;4500;18
Python;500000;Binaria;Ausente;21;4500;18
Python;500000;Binaria;Ausente;22;4600;18
Python;500000;Binaria;Ausente;23;4500;18
Python;500000;Binaria;Ausente;24;4500;18
Python;500000;Binaria;Ausente;25;4500;18
Python;500000;Binaria;Ausente;26;4500;18
Python;500000;Binaria;Ausente;27;4500;18
Python;500000;Binaria;Ausente;28;4500;18
Python;500000;Binaria;Ausente;29;4600;18
Python;500000;Binaria;Ausente;30;4500;18
cpp;100;Lineal;Inicio;1;100;1
cpp;100;Binaria;Inicio;1;300;6
cpp;100;Lineal;Inicio;2;100;1
cpp;100;Binaria;Inicio;2;100;6
cpp;100;Lineal;Inicio;3;0;1
cpp;100;Binaria;Inicio;3;100;6
cpp;100;Lineal;Inicio;4;100;1
cpp;100;Binaria;Inicio;4;0;6
cpp;100;Lineal;Inicio;5;0;1
cpp;100;Binaria;Inicio;5;100;6
cpp;100;Lineal;Inicio;6;100;1
cpp;100;Binaria;Inicio;6;0;6
cpp;100;Lineal;Inicio;7;0;1
cpp;100;Binaria;Inicio;7;100;6
cpp;100;Lineal;Inicio;8;100;1
cpp;100;Binaria;Inicio;8;0;6
cpp;100;Lineal;Inicio;9;0;1
cpp;100;Binaria;Inicio;9;100;6
cpp;100;Lineal;Inicio;10;100;1
cpp;100;Binaria;Inicio;10;100;6
cpp;100;Lineal;Inicio;11;0;1
cpp;100;Binaria;Inicio;11;0;6
cpp;100;Lineal;Inicio;12;100;1
cpp;100;Binaria;Inicio;12;100;6
cpp;100;Lineal;Inicio;13;100;1
cpp;100;Binaria;Inicio;13;100;6
cpp;100;Lineal;Inicio;14;100;1
cpp;100;Binaria;Inicio;14;100;6
cpp;100;Lineal;Inicio;15;0;1
cpp;100;Binaria;Inicio;15;0;6
cpp;100;Lineal;Inicio;16;0;1
cpp;100;Binaria;Inicio;16;100;6
cpp;100;Lineal;Inicio;17;100;1
cpp;100;Binaria;Inicio;17;100;6
cpp;100;Lineal;Inicio;18;0;1
cpp;100;Binaria;Inicio;18;100;6
cpp;100;Lineal;Inicio;19;100;1
cpp;100;Binaria;Inicio;19;100;6
cpp;100;Lineal;Inicio;20;0;1
cpp;100;Binaria;Inicio;20;100;6
cpp;100;Lineal;Inicio;21;100;1
cpp;100;Binaria;Inicio;21;100;6
cpp;100;Lineal;Inicio;22;0;1
cpp;100;Binaria;Inicio;22;100;6
cpp;100;Lineal;Inicio;23;0;1
cpp;100;Binaria;Inicio;23;0;6
cpp;100;Lineal;Inicio;24;0;1
cpp;100;Binaria;Inicio;24;0;6
cpp;100;Lineal;Inicio;25;100;1
cpp;100;Binaria;Inicio;25;100;6
cpp;100;Lineal;Inicio;26;100;1
cpp;100;Binaria;Inicio;26;100;6
cpp;100;Lineal;Inicio;27;100;1
cpp;100;Binaria;Inicio;27;0;6
cpp;100;Lineal;Inicio;28;100;1
cpp;100;Binaria;Inicio;28;100;6
cpp;100;Lineal;Inicio;29;0;1
cpp;100;Binaria;Inicio;29;100;6
cpp;100;Lineal;Inicio;30;0;1
cpp;100;Binaria;Inicio;30;100;6
cpp;100;Lineal;Centro;1;300;51
cpp;100;Binaria;Centro;1;100;6
cpp;100;Lineal;Centro;2;300;51
cpp;100;Binaria;Centro;2;100;6
cpp;100;Lineal;Centro;3;500;51
cpp;100;Binaria;Centro;3;200;6
cpp;100;Lineal;Centro;4;300;51
cpp;100;Binaria;Centro;4;200;6
cpp;100;Lineal;Centro;5;200;51
cpp;100;Binaria;Centro;5;100;6
cpp;100;Lineal;Centro;6;300;51
cpp;100;Binaria;Centro;6;100;6
cpp;100;Lineal;Centro;7;300;51
cpp;100;Binaria;Centro;7;100;6
cpp;100;Lineal;Centro;8;200;51
cpp;100;Binaria;Centro;8;0;6
cpp;100;Lineal;Centro;9;300;51
cpp;100;Binaria;Centro;9;100;6
cpp;100;Lineal;Centro;10;300;51
cpp;100;Binaria;Centro;10;100;6
cpp;100;Lineal;Centro;11;300;51
cpp;100;Binaria;Centro;11;100;6
cpp;100;Lineal;Centro;12;300;51
cpp;100;Binaria;Centro;12;100;6
cpp;100;Lineal;Centro;13;300;51
cpp;100;Binaria;Centro;13;0;6
cpp;100;Lineal;Centro;14;600;51
cpp;100;Binaria;Centro;14;300;6
cpp;100;Lineal;Centro;15;200;51
cpp;100;Binaria;Centro;15;100;6
cpp;100;Lineal;Centro;16;300;51
cpp;100;Binaria;Centro;16;100;6
cpp;100;Lineal;Centro;17;300;51
cpp;100;Binaria;Centro;17;100;6
cpp;100;Lineal;Centro;18;300;51
cpp;100;Binaria;Centro;18;0;6
cpp;100;Lineal;Centro;19;300;51
cpp;100;Binaria;Centro;19;0;6
cpp;100;Lineal;Centro;20;300;51
cpp;100;Binaria;Centro;20;200;6
cpp;100;Lineal;Centro;21;400;51
cpp;100;Binaria;Centro;21;200;6
cpp;100;Lineal;Centro;22;300;51
cpp;100;Binaria;Centro;22;0;6
cpp;100;Lineal;Centro;23;300;51
cpp;100;Binaria;Centro;23;0;6
cpp;100;Lineal;Centro;24;300;51
cpp;100;Binaria;Centro;24;100;6
cpp;100;Lineal;Centro;25;300;51
cpp;100;Binaria;Centro;25;200;6
cpp;100;Lineal;Centro;26;300;51
cpp;100;Binaria;Centro;26;100;6
cpp;100;Lineal;Centro;27;300;51
cpp;100;Binaria;Centro;27;100;6
cpp;100;Lineal;Centro;28;300;51
cpp;100;Binaria;Centro;28;200;6
cpp;100;Lineal;Centro;29;400;51
cpp;100;Binaria;Centro;29;100;6
cpp;100;Lineal;Centro;30;300;51
cpp;100;Binaria;Centro;30;0;6
cpp;100;Lineal;Final;1;500;100
cpp;100;Binaria;Final;1;100;7
cpp;100;Lineal;Final;2;400;100
cpp;100;Binaria;Final;2;200;7
cpp;100;Lineal;Final;3;500;100
cpp;100;Binaria;Final;3;100;7
cpp;100;Lineal;Final;4;500;100
cpp;100;Binaria;Final;4;200;7
cpp;100;Lineal;Final;5;400;100
cpp;100;Binaria;Final;5;0;7
cpp;100;Lineal;Final;6;500;100
cpp;100;Binaria;Final;6;100;7
cpp;100;Lineal;Final;7;400;100
cpp;100;Binaria;Final;7;100;7
cpp;100;Lineal;Final;8;400;100
cpp;100;Binaria;Final;8;100;7
cpp;100;Lineal;Final;9;500;100
cpp;100;Binaria;Final;9;200;7
cpp;100;Lineal;Final;10;400;100
cpp;100;Binaria;Final;10;100;7
cpp;100;Lineal;Final;11;500;100
cpp;100;Binaria;Final;11;0;7
cpp;100;Lineal;Final;12;400;100
cpp;100;Binaria;Final;12;100;7
cpp;100;Lineal;Final;13;500;100
cpp;100;Binaria;Final;13;0;7
cpp;100;Lineal;Final;14;400;100
cpp;100;Binaria;Final;14;100;7
cpp;100;Lineal;Final;15;500;100
cpp;100;Binaria;Final;15;0;7
cpp;100;Lineal;Final;16;500;100
cpp;100;Binaria;Final;16;100;7
cpp;100;Lineal;Final;17;400;100
cpp;100;Binaria;Final;17;100;7
cpp;100;Lineal;Final;18;500;100
cpp;100;Binaria;Final;18;100;7
cpp;100;Lineal;Final;19;400;100
cpp;100;Binaria;Final;19;100;7
cpp;100;Lineal;Final;20;500;100
cpp;100;Binaria;Final;20;100;7
cpp;100;Lineal;Final;21;400;100
cpp;100;Binaria;Final;21;100;7
cpp;100;Lineal;Final;22;400;100
cpp;100;Binaria;Final;22;0;7
cpp;100;Lineal;Final;23;500;100
cpp;100;Binaria;Final;23;100;7
cpp;100;Lineal;Final;24;500;100
cpp;100;Binaria;Final;24;100;7
cpp;100;Lineal;Final;25;400;100
cpp;100;Binaria;Final;25;0;7
cpp;100;Lineal;Final;26;500;100
cpp;100;Binaria;Final;26;100;7
cpp;100;Lineal;Final;27;500;100
cpp;100;Binaria;Final;27;100;7
cpp;100;Lineal;Final;28;400;100
cpp;100;Binaria;Final;28;100;7
cpp;100;Lineal;Final;29;400;100
cpp;100;Binaria;Final;29;100;7
cpp;100;Lineal;Final;30;400;100
cpp;100;Binaria;Final;30;100;7
cpp;100;Lineal;Ausente;1;500;100
cpp;100;Binaria;Ausente;1;100;6
cpp;100;Lineal;Ausente;2;400;100
cpp;100;Binaria;Ausente;2;100;6
cpp;100;Lineal;Ausente;3;500;100
cpp;100;Binaria;Ausente;3;200;6
cpp;100;Lineal;Ausente;4;500;100
cpp;100;Binaria;Ausente;4;100;6
cpp;100;Lineal;Ausente;5;400;100
cpp;100;Binaria;Ausente;5;200;6
cpp;100;Lineal;Ausente;6;1000;100
cpp;100;Binaria;Ausente;6;200;6
cpp;100;Lineal;Ausente;7;1000;100
cpp;100;Binaria;Ausente;7;200;6
cpp;100;Lineal;Ausente;8;900;100
cpp;100;Binaria;Ausente;8;200;6
cpp;100;Lineal;Ausente;9;1000;100
cpp;100;Binaria;Ausente;9;200;6
cpp;100;Lineal;Ausente;10;900;100
cpp;100;Binaria;Ausente;10;200;6
cpp;100;Lineal;Ausente;11;900;100
cpp;100;Binaria;Ausente;11;200;6
cpp;100;Lineal;Ausente;12;1000;100
cpp;100;Binaria;Ausente;12;200;6
cpp;100;Lineal;Ausente;13;900;100
cpp;100;Binaria;Ausente;13;200;6
cpp;100;Lineal;Ausente;14;1000;100
cpp;100;Binaria;Ausente;14;200;6
cpp;100;Lineal;Ausente;15;900;100
cpp;100;Binaria;Ausente;15;200;6
cpp;100;Lineal;Ausente;16;900;100
cpp;100;Binaria;Ausente;16;200;6
cpp;100;Lineal;Ausente;17;1000;100
cpp;100;Binaria;Ausente;17;200;6
cpp;100;Lineal;Ausente;18;900;100
cpp;100;Binaria;Ausente;18;100;6
cpp;100;Lineal;Ausente;19;900;100
cpp;100;Binaria;Ausente;19;200;6
cpp;100;Lineal;Ausente;20;900;100
cpp;100;Binaria;Ausente;20;100;6
cpp;100;Lineal;Ausente;21;1000;100
cpp;100;Binaria;Ausente;21;100;6
cpp;100;Lineal;Ausente;22;1000;100
cpp;100;Binaria;Ausente;22;100;6
cpp;100;Lineal;Ausente;23;1000;100
cpp;100;Binaria;Ausente;23;200;6
cpp;100;Lineal;Ausente;24;900;100
cpp;100;Binaria;Ausente;24;200;6
cpp;100;Lineal;Ausente;25;1000;100
cpp;100;Binaria;Ausente;25;200;6
cpp;100;Lineal;Ausente;26;1000;100
cpp;100;Binaria;Ausente;26;200;6
cpp;100;Lineal;Ausente;27;900;100
cpp;100;Binaria;Ausente;27;200;6
cpp;100;Lineal;Ausente;28;1100;100
cpp;100;Binaria;Ausente;28;100;6
cpp;100;Lineal;Ausente;29;1000;100
cpp;100;Binaria;Ausente;29;200;6
cpp;100;Lineal;Ausente;30;1000;100
cpp;100;Binaria;Ausente;30;200;6
cpp;1000;Lineal;Inicio;1;200;1
cpp;1000;Binaria;Inicio;1;400;9
cpp;1000;Lineal;Inicio;2;200;1
cpp;1000;Binaria;Inicio;2;500;9
cpp;1000;Lineal;Inicio;3;100;1
cpp;1000;Binaria;Inicio;3;300;9
cpp;1000;Lineal;Inicio;4;100;1
cpp;1000;Binaria;Inicio;4;200;9
cpp;1000;Lineal;Inicio;5;100;1
cpp;1000;Binaria;Inicio;5;200;9
cpp;1000;Lineal;Inicio;6;100;1
cpp;1000;Binaria;Inicio;6;300;9
cpp;1000;Lineal;Inicio;7;100;1
cpp;1000;Binaria;Inicio;7;200;9
cpp;1000;Lineal;Inicio;8;100;1
cpp;1000;Binaria;Inicio;8;200;9
cpp;1000;Lineal;Inicio;9;100;1
cpp;1000;Binaria;Inicio;9;200;9
cpp;1000;Lineal;Inicio;10;100;1
cpp;1000;Binaria;Inicio;10;200;9
cpp;1000;Lineal;Inicio;11;100;1
cpp;1000;Binaria;Inicio;11;200;9
cpp;1000;Lineal;Inicio;12;0;1
cpp;1000;Binaria;Inicio;12;200;9
cpp;1000;Lineal;Inicio;13;100;1
cpp;1000;Binaria;Inicio;13;200;9
cpp;1000;Lineal;Inicio;14;100;1
cpp;1000;Binaria;Inicio;14;300;9
cpp;1000;Lineal;Inicio;15;100;1
cpp;1000;Binaria;Inicio;15;200;9
cpp;1000;Lineal;Inicio;16;100;1
cpp;1000;Binaria;Inicio;16;300;9
cpp;1000;Lineal;Inicio;17;100;1
cpp;1000;Binaria;Inicio;17;200;9
cpp;1000;Lineal;Inicio;18;100;1
cpp;1000;Binaria;Inicio;18;200;9
cpp;1000;Lineal;Inicio;19;100;1
cpp;1000;Binaria;Inicio;19;200;9
cpp;1000;Lineal;Inicio;20;100;1
cpp;1000;Binaria;Inicio;20;200;9
cpp;1000;Lineal;Inicio;21;0;1
cpp;1000;Binaria;Inicio;21;200;9
cpp;1000;Lineal;Inicio;22;100;1
cpp;1000;Binaria;Inicio;22;200;9
cpp;1000;Lineal;Inicio;23;100;1
cpp;1000;Binaria;Inicio;23;200;9
cpp;1000;Lineal;Inicio;24;100;1
cpp;1000;Binaria;Inicio;24;300;9
cpp;1000;Lineal;Inicio;25;100;1
cpp;1000;Binaria;Inicio;25;200;9
cpp;1000;Lineal;Inicio;26;0;1
cpp;1000;Binaria;Inicio;26;200;9
cpp;1000;Lineal;Inicio;27;100;1
cpp;1000;Binaria;Inicio;27;300;9
cpp;1000;Lineal;Inicio;28;200;1
cpp;1000;Binaria;Inicio;28;200;9
cpp;1000;Lineal;Inicio;29;100;1
cpp;1000;Binaria;Inicio;29;300;9
cpp;1000;Lineal;Inicio;30;100;1
cpp;1000;Binaria;Inicio;30;200;9
cpp;1000;Lineal;Centro;1;3700;501
cpp;1000;Binaria;Centro;1;400;9
cpp;1000;Lineal;Centro;2;3900;501
cpp;1000;Binaria;Centro;2;300;9
cpp;1000;Lineal;Centro;3;3600;501
cpp;1000;Binaria;Centro;3;400;9
cpp;1000;Lineal;Centro;4;4000;501
cpp;1000;Binaria;Centro;4;300;9
cpp;1000;Lineal;Centro;5;3700;501
cpp;1000;Binaria;Centro;5;300;9
cpp;1000;Lineal;Centro;6;3900;501
cpp;1000;Binaria;Centro;6;200;9
cpp;1000;Lineal;Centro;7;3900;501
cpp;1000;Binaria;Centro;7;300;9
cpp;1000;Lineal;Centro;8;3900;501
cpp;1000;Binaria;Centro;8;200;9
cpp;1000;Lineal;Centro;9;3900;501
cpp;1000;Binaria;Centro;9;200;9
cpp;1000;Lineal;Centro;10;3900;501
cpp;1000;Binaria;Centro;10;200;9
cpp;1000;Lineal;Centro;11;3800;501
cpp;1000;Binaria;Centro;11;200;9
cpp;1000;Lineal;Centro;12;3800;501
cpp;1000;Binaria;Centro;12;200;9
cpp;1000;Lineal;Centro;13;4000;501
cpp;1000;Binaria;Centro;13;200;9
cpp;1000;Lineal;Centro;14;3900;501
cpp;1000;Binaria;Centro;14;200;9
cpp;1000;Lineal;Centro;15;3800;501
cpp;1000;Binaria;Centro;15;300;9
cpp;1000;Lineal;Centro;16;3800;501
cpp;1000;Binaria;Centro;16;200;9
cpp;1000;Lineal;Centro;17;3800;501
cpp;1000;Binaria;Centro;17;200;9
cpp;1000;Lineal;Centro;18;3900;501
cpp;1000;Binaria;Centro;18;300;9
cpp;1000;Lineal;Centro;19;3900;501
cpp;1000;Binaria;Centro;19;300;9
cpp;1000;Lineal;Centro;20;3900;501
cpp;1000;Binaria;Centro;20;200;9
cpp;1000;Lineal;Centro;21;3900;501
cpp;1000;Binaria;Centro;21;300;9
cpp;1000;Lineal;Centro;22;3800;501
cpp;1000;Binaria;Centro;22;200;9
cpp;1000;Lineal;Centro;23;3800;501
cpp;1000;Binaria;Centro;23;200;9
cpp;1000;Lineal;Centro;24;3900;501
cpp;1000;Binaria;Centro;24;200;9
cpp;1000;Lineal;Centro;25;3900;501
cpp;1000;Binaria;Centro;25;400;9
cpp;1000;Lineal;Centro;26;3800;501
cpp;1000;Binaria;Centro;26;200;9
cpp;1000;Lineal;Centro;27;3900;501
cpp;1000;Binaria;Centro;27;200;9
cpp;1000;Lineal;Centro;28;3900;501
cpp;1000;Binaria;Centro;28;200;9
cpp;1000;Lineal;Centro;29;3900;501
cpp;1000;Binaria;Centro;29;200;9
cpp;1000;Lineal;Centro;30;3800;501
cpp;1000;Binaria;Centro;30;300;9
cpp;1000;Lineal;Final;1;7600;1000
cpp;1000;Binaria;Final;1;300;10
cpp;1000;Lineal;Final;2;7400;1000
cpp;1000;Binaria;Final;2;400;10
cpp;1000;Lineal;Final;3;7400;1000
cpp;1000;Binaria;Final;3;500;10
cpp;1000;Lineal;Final;4;7500;1000
cpp;1000;Binaria;Final;4;300;10
cpp;1000;Lineal;Final;5;7500;1000
cpp;1000;Binaria;Final;5;300;10
cpp;1000;Lineal;Final;6;7500;1000
cpp;1000;Binaria;Final;6;200;10
cpp;1000;Lineal;Final;7;7500;1000
cpp;1000;Binaria;Final;7;300;10
cpp;1000;Lineal;Final;8;7900;1000
cpp;1000;Binaria;Final;8;200;10
cpp;1000;Lineal;Final;9;6800;1000
cpp;1000;Binaria;Final;9;400;10
cpp;1000;Lineal;Final;10;6400;1000
cpp;1000;Binaria;Final;10;200;10
cpp;1000;Lineal;Final;11;6500;1000
cpp;1000;Binaria;Final;11;200;10
cpp;1000;Lineal;Final;12;6500;1000
cpp;1000;Binaria;Final;12;200;10
cpp;1000;Lineal;Final;13;6400;1000
cpp;1000;Binaria;Final;13;300;10
cpp;1000;Lineal;Final;14;6500;1000
cpp;1000;Binaria;Final;14;200;10
cpp;1000;Lineal;Final;15;6400;1000
cpp;1000;Binaria;Final;15;200;10
cpp;1000;Lineal;Final;16;6500;1000
cpp;1000;Binaria;Final;16;200;10
cpp;1000;Lineal;Final;17;6500;1000
cpp;1000;Binaria;Final;17;200;10
cpp;1000;Lineal;Final;18;6900;1000
cpp;1000;Binaria;Final;18;300;10
cpp;1000;Lineal;Final;19;6500;1000
cpp;1000;Binaria;Final;19;300;10
cpp;1000;Lineal;Final;20;6800;1000
cpp;1000;Binaria;Final;20;300;10
cpp;1000;Lineal;Final;21;6500;1000
cpp;1000;Binaria;Final;21;300;10
cpp;1000;Lineal;Final;22;6500;1000
cpp;1000;Binaria;Final;22;200;10
cpp;1000;Lineal;Final;23;6400;1000
cpp;1000;Binaria;Final;23;200;10
cpp;1000;Lineal;Final;24;6500;1000
cpp;1000;Binaria;Final;24;200;10
cpp;1000;Lineal;Final;25;6500;1000
cpp;1000;Binaria;Final;25;200;10
cpp;1000;Lineal;Final;26;6800;1000
cpp;1000;Binaria;Final;26;200;10
cpp;1000;Lineal;Final;27;6400;1000
cpp;1000;Binaria;Final;27;200;10
cpp;1000;Lineal;Final;28;6400;1000
cpp;1000;Binaria;Final;28;200;10
cpp;1000;Lineal;Final;29;6400;1000
cpp;1000;Binaria;Final;29;200;10
cpp;1000;Lineal;Final;30;6400;1000
cpp;1000;Binaria;Final;30;200;10
cpp;1000;Lineal;Ausente;1;6800;1000
cpp;1000;Binaria;Ausente;1;300;9
cpp;1000;Lineal;Ausente;2;6500;1000
cpp;1000;Binaria;Ausente;2;300;9
cpp;1000;Lineal;Ausente;3;6900;1000
cpp;1000;Binaria;Ausente;3;300;9
cpp;1000;Lineal;Ausente;4;6800;1000
cpp;1000;Binaria;Ausente;4;300;9
cpp;1000;Lineal;Ausente;5;6800;1000
cpp;1000;Binaria;Ausente;5;300;9
cpp;1000;Lineal;Ausente;6;6500;1000
cpp;1000;Binaria;Ausente;6;200;9
cpp;1000;Lineal;Ausente;7;6900;1000
cpp;1000;Binaria;Ausente;7;300;9
cpp;1000;Lineal;Ausente;8;6500;1000
cpp;1000;Binaria;Ausente;8;300;9
cpp;1000;Lineal;Ausente;9;6400;1000
cpp;1000;Binaria;Ausente;9;300;9
cpp;1000;Lineal;Ausente;10;6800;1000
cpp;1000;Binaria;Ausente;10;300;9
cpp;1000;Lineal;Ausente;11;6400;1000
cpp;1000;Binaria;Ausente;11;200;9
cpp;1000;Lineal;Ausente;12;6500;1000
cpp;1000;Binaria;Ausente;12;200;9
cpp;1000;Lineal;Ausente;13;6500;1000
cpp;1000;Binaria;Ausente;13;200;9
cpp;1000;Lineal;Ausente;14;6400;1000
cpp;1000;Binaria;Ausente;14;200;9
cpp;1000;Lineal;Ausente;15;6500;1000
cpp;1000;Binaria;Ausente;15;200;9
cpp;1000;Lineal;Ausente;16;6400;1000
cpp;1000;Binaria;Ausente;16;200;9
cpp;1000;Lineal;Ausente;17;6500;1000
cpp;1000;Binaria;Ausente;17;300;9
cpp;1000;Lineal;Ausente;18;6500;1000
cpp;1000;Binaria;Ausente;18;200;9
cpp;1000;Lineal;Ausente;19;6500;1000
cpp;1000;Binaria;Ausente;19;200;9
cpp;1000;Lineal;Ausente;20;6900;1000
cpp;1000;Binaria;Ausente;20;200;9
cpp;1000;Lineal;Ausente;21;7000;1000
cpp;1000;Binaria;Ausente;21;200;9
cpp;1000;Lineal;Ausente;22;6400;1000
cpp;1000;Binaria;Ausente;22;200;9
cpp;1000;Lineal;Ausente;23;6400;1000
cpp;1000;Binaria;Ausente;23;200;9
cpp;1000;Lineal;Ausente;24;6500;1000
cpp;1000;Binaria;Ausente;24;100;9
cpp;1000;Lineal;Ausente;25;3700;1000
cpp;1000;Binaria;Ausente;25;200;9
cpp;1000;Lineal;Ausente;26;3600;1000
cpp;1000;Binaria;Ausente;26;100;9
cpp;1000;Lineal;Ausente;27;3400;1000
cpp;1000;Binaria;Ausente;27;100;9
cpp;1000;Lineal;Ausente;28;3600;1000
cpp;1000;Binaria;Ausente;28;100;9
cpp;1000;Lineal;Ausente;29;3500;1000
cpp;1000;Binaria;Ausente;29;100;9
cpp;1000;Lineal;Ausente;30;3600;1000
cpp;1000;Binaria;Ausente;30;100;9
cpp;10000;Lineal;Inicio;1;100;1
cpp;10000;Binaria;Inicio;1;300;13
cpp;10000;Lineal;Inicio;2;0;1
cpp;10000;Binaria;Inicio;2;200;13
cpp;10000;Lineal;Inicio;3;100;1
cpp;10000;Binaria;Inicio;3;200;13
cpp;10000;Lineal;Inicio;4;100;1
cpp;10000;Binaria;Inicio;4;100;13
cpp;10000;Lineal;Inicio;5;0;1
cpp;10000;Binaria;Inicio;5;100;13
cpp;10000;Lineal;Inicio;6;100;1
cpp;10000;Binaria;Inicio;6;100;13
cpp;10000;Lineal;Inicio;7;100;1
cpp;10000;Binaria;Inicio;7;100;13
cpp;10000;Lineal;Inicio;8;100;1
cpp;10000;Binaria;Inicio;8;100;13
cpp;10000;Lineal;Inicio;9;0;1
cpp;10000;Binaria;Inicio;9;200;13
cpp;10000;Lineal;Inicio;10;0;1
cpp;10000;Binaria;Inicio;10;200;13
cpp;10000;Lineal;Inicio;11;100;1
cpp;10000;Binaria;Inicio;11;200;13
cpp;10000;Lineal;Inicio;12;100;1
cpp;10000;Binaria;Inicio;12;100;13
cpp;10000;Lineal;Inicio;13;0;1
cpp;10000;Binaria;Inicio;13;200;13
cpp;10000;Lineal;Inicio;14;0;1
cpp;10000;Binaria;Inicio;14;200;13
cpp;10000;Lineal;Inicio;15;100;1
cpp;10000;Binaria;Inicio;15;100;13
cpp;10000;Lineal;Inicio;16;0;1
cpp;10000;Binaria;Inicio;16;100;13
cpp;10000;Lineal;Inicio;17;0;1
cpp;10000;Binaria;Inicio;17;100;13
cpp;10000;Lineal;Inicio;18;0;1
cpp;10000;Binaria;Inicio;18;100;13
cpp;10000;Lineal;Inicio;19;0;1
cpp;10000;Binaria;Inicio;19;100;13
cpp;10000;Lineal;Inicio;20;100;1
cpp;10000;Binaria;Inicio;20;200;13
cpp;10000;Lineal;Inicio;21;0;1
cpp;10000;Binaria;Inicio;21;200;13
cpp;10000;Lineal;Inicio;22;100;1
cpp;10000;Binaria;Inicio;22;200;13
cpp;10000;Lineal;Inicio;23;100;1
cpp;10000;Binaria;Inicio;23;200;13
cpp;10000;Lineal;Inicio;24;100;1
cpp;10000;Binaria;Inicio;24;100;13
cpp;10000;Lineal;Inicio;25;0;1
cpp;10000;Binaria;Inicio;25;200;13
cpp;10000;Lineal;Inicio;26;100;1
cpp;10000;Binaria;Inicio;26;100;13
cpp;10000;Lineal;Inicio;27;0;1
cpp;10000;Binaria;Inicio;27;100;13
cpp;10000;Lineal;Inicio;28;100;1
cpp;10000;Binaria;Inicio;28;200;13
cpp;10000;Lineal;Inicio;29;100;1
cpp;10000;Binaria;Inicio;29;200;13
cpp;10000;Lineal;Inicio;30;0;1
cpp;10000;Binaria;Inicio;30;200;13
cpp;10000;Lineal;Centro;1;17700;5001
cpp;10000;Binaria;Centro;1;300;13
cpp;10000;Lineal;Centro;2;17600;5001
cpp;10000;Binaria;Centro;2;200;13
cpp;10000;Lineal;Centro;3;17600;5001
cpp;10000;Binaria;Centro;3;200;13
cpp;10000;Lineal;Centro;4;17500;5001
cpp;10000;Binaria;Centro;4;200;13
cpp;10000;Lineal;Centro;5;17600;5001
cpp;10000;Binaria;Centro;5;200;13
cpp;10000;Lineal;Centro;6;16800;5001
cpp;10000;Binaria;Centro;6;100;13
cpp;10000;Lineal;Centro;7;17600;5001
cpp;10000;Binaria;Centro;7;200;13
cpp;10000;Lineal;Centro;8;16600;5001
cpp;10000;Binaria;Centro;8;100;13
cpp;10000;Lineal;Centro;9;16700;5001
cpp;10000;Binaria;Centro;9;100;13
cpp;10000;Lineal;Centro;10;17600;5001
cpp;10000;Binaria;Centro;10;100;13
cpp;10000;Lineal;Centro;11;17700;5001
cpp;10000;Binaria;Centro;11;100;13
cpp;10000;Lineal;Centro;12;16600;5001
cpp;10000;Binaria;Centro;12;200;13
cpp;10000;Lineal;Centro;13;17600;5001
cpp;10000;Binaria;Centro;13;200;13
cpp;10000;Lineal;Centro;14;16600;5001
cpp;10000;Binaria;Centro;14;200;13
cpp;10000;Lineal;Centro;15;17600;5001
cpp;10000;Binaria;Centro;15;100;13
cpp;10000;Lineal;Centro;16;17500;5001
cpp;10000;Binaria;Centro;16;100;13
cpp;10000;Lineal;Centro;17;16700;5001
cpp;10000;Binaria;Centro;17;100;13
cpp;10000;Lineal;Centro;18;17500;5001
cpp;10000;Binaria;Centro;18;100;13
cpp;10000;Lineal;Centro;19;17600;5001
cpp;10000;Binaria;Centro;19;100;13
cpp;10000;Lineal;Centro;20;17600;5001
cpp;10000;Binaria;Centro;20;100;13
cpp;10000;Lineal;Centro;21;17700;5001
cpp;10000;Binaria;Centro;21;200;13
cpp;10000;Lineal;Centro;22;17900;5001
cpp;10000;Binaria;Centro;22;100;13
cpp;10000;Lineal;Centro;23;17700;5001
cpp;10000;Binaria;Centro;23;100;13
cpp;10000;Lineal;Centro;24;17600;5001
cpp;10000;Binaria;Centro;24;100;13
cpp;10000;Lineal;Centro;25;17700;5001
cpp;10000;Binaria;Centro;25;100;13
cpp;10000;Lineal;Centro;26;17600;5001
cpp;10000;Binaria;Centro;26;100;13
cpp;10000;Lineal;Centro;27;24000;5001
cpp;10000;Binaria;Centro;27;200;13
cpp;10000;Lineal;Centro;28;17700;5001
cpp;10000;Binaria;Centro;28;200;13
cpp;10000;Lineal;Centro;29;18000;5001
cpp;10000;Binaria;Centro;29;200;13
cpp;10000;Lineal;Centro;30;17500;5001
cpp;10000;Binaria;Centro;30;200;13
cpp;10000;Lineal;Final;1;34600;10000
cpp;10000;Binaria;Final;1;200;14
cpp;10000;Lineal;Final;2;34700;10000
cpp;10000;Binaria;Final;2;200;14
cpp;10000;Lineal;Final;3;34800;10000
cpp;10000;Binaria;Final;3;300;14
cpp;10000;Lineal;Final;4;35300;10000
cpp;10000;Binaria;Final;4;200;14
cpp;10000;Lineal;Final;5;34900;10000
cpp;10000;Binaria;Final;5;200;14
cpp;10000;Lineal;Final;6;53900;10000
cpp;10000;Binaria;Final;6;400;14
cpp;10000;Lineal;Final;7;73700;10000
cpp;10000;Binaria;Final;7;300;14
cpp;10000;Lineal;Final;8;72700;10000
cpp;10000;Binaria;Final;8;300;14
cpp;10000;Lineal;Final;9;73100;10000
cpp;10000;Binaria;Final;9;300;14
cpp;10000;Lineal;Final;10;73400;10000
cpp;10000;Binaria;Final;10;300;14
cpp;10000;Lineal;Final;11;191200;10000
cpp;10000;Binaria;Final;11;400;14
cpp;10000;Lineal;Final;12;68800;10000
cpp;10000;Binaria;Final;12;300;14
cpp;10000;Lineal;Final;13;112200;10000
cpp;10000;Binaria;Final;13;600;14
cpp;10000;Lineal;Final;14;103200;10000
cpp;10000;Binaria;Final;14;600;14
cpp;10000;Lineal;Final;15;86200;10000
cpp;10000;Binaria;Final;15;500;14
cpp;10000;Lineal;Final;16;73100;10000
cpp;10000;Binaria;Final;16;400;14
cpp;10000;Lineal;Final;17;72700;10000
cpp;10000;Binaria;Final;17;400;14
cpp;10000;Lineal;Final;18;72400;10000
cpp;10000;Binaria;Final;18;300;14
cpp;10000;Lineal;Final;19;75000;10000
cpp;10000;Binaria;Final;19;300;14
cpp;10000;Lineal;Final;20;80500;10000
cpp;10000;Binaria;Final;20;300;14
cpp;10000;Lineal;Final;21;79700;10000
cpp;10000;Binaria;Final;21;300;14
cpp;10000;Lineal;Final;22;79600;10000
cpp;10000;Binaria;Final;22;400;14
cpp;10000;Lineal;Final;23;79600;10000
cpp;10000;Binaria;Final;23;300;14
cpp;10000;Lineal;Final;24;100100;10000
cpp;10000;Binaria;Final;24;400;14
cpp;10000;Lineal;Final;25;75900;10000
cpp;10000;Binaria;Final;25;300;14
cpp;10000;Lineal;Final;26;78100;10000
cpp;10000;Binaria;Final;26;300;14
cpp;10000;Lineal;Final;27;80500;10000
cpp;10000;Binaria;Final;27;400;14
cpp;10000;Lineal;Final;28;80500;10000
cpp;10000;Binaria;Final;28;300;14
cpp;10000;Lineal;Final;29;113000;10000
cpp;10000;Binaria;Final;29;400;14
cpp;10000;Lineal;Final;30;80600;10000
cpp;10000;Binaria;Final;30;400;14
cpp;10000;Lineal;Ausente;1;79400;10000
cpp;10000;Binaria;Ausente;1;500;13
cpp;10000;Lineal;Ausente;2;80800;10000
cpp;10000;Binaria;Ausente;2;500;13
cpp;10000;Lineal;Ausente;3;80300;10000
cpp;10000;Binaria;Ausente;3;300;13
cpp;10000;Lineal;Ausente;4;80700;10000
cpp;10000;Binaria;Ausente;4;500;13
cpp;10000;Lineal;Ausente;5;81000;10000
cpp;10000;Binaria;Ausente;5;300;13
cpp;10000;Lineal;Ausente;6;81100;10000
cpp;10000;Binaria;Ausente;6;300;13
cpp;10000;Lineal;Ausente;7;80900;10000
cpp;10000;Binaria;Ausente;7;300;13
cpp;10000;Lineal;Ausente;8;60600;10000
cpp;10000;Binaria;Ausente;8;300;13
cpp;10000;Lineal;Ausente;9;54000;10000
cpp;10000;Binaria;Ausente;9;200;13
cpp;10000;Lineal;Ausente;10;54100;10000
cpp;10000;Binaria;Ausente;10;200;13
cpp;10000;Lineal;Ausente;11;53600;10000
cpp;10000;Binaria;Ausente;11;300;13
cpp;10000;Lineal;Ausente;12;53400;10000
cpp;10000;Binaria;Ausente;12;200;13
cpp;10000;Lineal;Ausente;13;54200;10000
cpp;10000;Binaria;Ausente;13;200;13
cpp;10000;Lineal;Ausente;14;53600;10000
cpp;10000;Binaria;Ausente;14;200;13
cpp;10000;Lineal;Ausente;15;53600;10000
cpp;10000;Binaria;Ausente;15;300;13
cpp;10000;Lineal;Ausente;16;53900;10000
cpp;10000;Binaria;Ausente;16;200;13
cpp;10000;Lineal;Ausente;17;53400;10000
cpp;10000;Binaria;Ausente;17;500;13
cpp;10000;Lineal;Ausente;18;53900;10000
cpp;10000;Binaria;Ausente;18;200;13
cpp;10000;Lineal;Ausente;19;54300;10000
cpp;10000;Binaria;Ausente;19;300;13
cpp;10000;Lineal;Ausente;20;165700;10000
cpp;10000;Binaria;Ausente;20;200;13
cpp;10000;Lineal;Ausente;21;35500;10000
cpp;10000;Binaria;Ausente;21;200;13
cpp;10000;Lineal;Ausente;22;35100;10000
cpp;10000;Binaria;Ausente;22;200;13
cpp;10000;Lineal;Ausente;23;35000;10000
cpp;10000;Binaria;Ausente;23;100;13
cpp;10000;Lineal;Ausente;24;34600;10000
cpp;10000;Binaria;Ausente;24;100;13
cpp;10000;Lineal;Ausente;25;35100;10000
cpp;10000;Binaria;Ausente;25;100;13
cpp;10000;Lineal;Ausente;26;34600;10000
cpp;10000;Binaria;Ausente;26;100;13
cpp;10000;Lineal;Ausente;27;35100;10000
cpp;10000;Binaria;Ausente;27;100;13
cpp;10000;Lineal;Ausente;28;34600;10000
cpp;10000;Binaria;Ausente;28;200;13
cpp;10000;Lineal;Ausente;29;34700;10000
cpp;10000;Binaria;Ausente;29;100;13
cpp;10000;Lineal;Ausente;30;34700;10000
cpp;10000;Binaria;Ausente;30;200;13
cpp;100000;Lineal;Inicio;1;100;1
cpp;100000;Binaria;Inicio;1;300;16
cpp;100000;Lineal;Inicio;2;100;1
cpp;100000;Binaria;Inicio;2;200;16
cpp;100000;Lineal;Inicio;3;100;1
cpp;100000;Binaria;Inicio;3;200;16
cpp;100000;Lineal;Inicio;4;0;1
cpp;100000;Binaria;Inicio;4;200;16
cpp;100000;Lineal;Inicio;5;0;1
cpp;100000;Binaria;Inicio;5;200;16
cpp;100000;Lineal;Inicio;6;100;1
cpp;100000;Binaria;Inicio;6;200;16
cpp;100000;Lineal;Inicio;7;0;1
cpp;100000;Binaria;Inicio;7;200;16
cpp;100000;Lineal;Inicio;8;100;1
cpp;100000;Binaria;Inicio;8;200;16
cpp;100000;Lineal;Inicio;9;0;1
cpp;100000;Binaria;Inicio;9;200;16
cpp;100000;Lineal;Inicio;10;0;1
cpp;100000;Binaria;Inicio;10;100;16
cpp;100000;Lineal;Inicio;11;100;1
cpp;100000;Binaria;Inicio;11;200;16
cpp;100000;Lineal;Inicio;12;100;1
cpp;100000;Binaria;Inicio;12;200;16
cpp;100000;Lineal;Inicio;13;0;1
cpp;100000;Binaria;Inicio;13;200;16
cpp;100000;Lineal;Inicio;14;0;1
cpp;100000;Binaria;Inicio;14;100;16
cpp;100000;Lineal;Inicio;15;100;1
cpp;100000;Binaria;Inicio;15;200;16
cpp;100000;Lineal;Inicio;16;100;1
cpp;100000;Binaria;Inicio;16;100;16
cpp;100000;Lineal;Inicio;17;100;1
cpp;100000;Binaria;Inicio;17;200;16
cpp;100000;Lineal;Inicio;18;100;1
cpp;100000;Binaria;Inicio;18;200;16
cpp;100000;Lineal;Inicio;19;100;1
cpp;100000;Binaria;Inicio;19;200;16
cpp;100000;Lineal;Inicio;20;100;1
cpp;100000;Binaria;Inicio;20;200;16
cpp;100000;Lineal;Inicio;21;0;1
cpp;100000;Binaria;Inicio;21;100;16
cpp;100000;Lineal;Inicio;22;0;1
cpp;100000;Binaria;Inicio;22;200;16
cpp;100000;Lineal;Inicio;23;100;1
cpp;100000;Binaria;Inicio;23;200;16
cpp;100000;Lineal;Inicio;24;0;1
cpp;100000;Binaria;Inicio;24;200;16
cpp;100000;Lineal;Inicio;25;0;1
cpp;100000;Binaria;Inicio;25;200;16
cpp;100000;Lineal;Inicio;26;0;1
cpp;100000;Binaria;Inicio;26;200;16
cpp;100000;Lineal;Inicio;27;0;1
cpp;100000;Binaria;Inicio;27;200;16
cpp;100000;Lineal;Inicio;28;100;1
cpp;100000;Binaria;Inicio;28;100;16
cpp;100000;Lineal;Inicio;29;0;1
cpp;100000;Binaria;Inicio;29;100;16
cpp;100000;Lineal;Inicio;30;100;1
cpp;100000;Binaria;Inicio;30;200;16
cpp;100000;Lineal;Centro;1;164300;50001
cpp;100000;Binaria;Centro;1;300;16
cpp;100000;Lineal;Centro;2;173500;50001
cpp;100000;Binaria;Centro;2;200;16
cpp;100000;Lineal;Centro;3;273900;50001
cpp;100000;Binaria;Centro;3;400;16
cpp;100000;Lineal;Centro;4;387100;50001
cpp;100000;Binaria;Centro;4;500;16
cpp;100000;Lineal;Centro;5;357100;50001
cpp;100000;Binaria;Centro;5;400;16
cpp;100000;Lineal;Centro;6;201600;50001
cpp;100000;Binaria;Centro;6;400;16
cpp;100000;Lineal;Centro;7;285000;50001
cpp;100000;Binaria;Centro;7;600;16
cpp;100000;Lineal;Centro;8;347200;50001
cpp;100000;Binaria;Centro;8;300;16
cpp;100000;Lineal;Centro;9;174900;50001
cpp;100000;Binaria;Centro;9;300;16
cpp;100000;Lineal;Centro;10;195500;50001
cpp;100000;Binaria;Centro;10;200;16
cpp;100000;Lineal;Centro;11;234900;50001
cpp;100000;Binaria;Centro;11;300;16
cpp;100000;Lineal;Centro;12;606600;50001
cpp;100000;Binaria;Centro;12;600;16
cpp;100000;Lineal;Centro;13;496800;50001
cpp;100000;Binaria;Centro;13;500;16
cpp;100000;Lineal;Centro;14;358600;50001
cpp;100000;Binaria;Centro;14;500;16
cpp;100000;Lineal;Centro;15;421900;50001
cpp;100000;Binaria;Centro;15;800;16
cpp;100000;Lineal;Centro;16;421900;50001
cpp;100000;Binaria;Centro;16;500;16
cpp;100000;Lineal;Centro;17;368400;50001
cpp;100000;Binaria;Centro;17;600;16
cpp;100000;Lineal;Centro;18;378400;50001
cpp;100000;Binaria;Centro;18;500;16
cpp;100000;Lineal;Centro;19;363600;50001
cpp;100000;Binaria;Centro;19;600;16
cpp;100000;Lineal;Centro;20;367100;50001
cpp;100000;Binaria;Centro;20;400;16
cpp;100000;Lineal;Centro;21;367600;50001
cpp;100000;Binaria;Centro;21;400;16
cpp;100000;Lineal;Centro;22;365100;50001
cpp;100000;Binaria;Centro;22;500;16
cpp;100000;Lineal;Centro;23;344500;50001
cpp;100000;Binaria;Centro;23;200;16
cpp;100000;Lineal;Centro;24;176300;50001
cpp;100000;Binaria;Centro;24;100;16
cpp;100000;Lineal;Centro;25;194000;50001
cpp;100000;Binaria;Centro;25;700;16
cpp;100000;Lineal;Centro;26;258400;50001
cpp;100000;Binaria;Centro;26;600;16
cpp;100000;Lineal;Centro;27;172700;50001
cpp;100000;Binaria;Centro;27;400;16
cpp;100000;Lineal;Centro;28;172200;50001
cpp;100000;Binaria;Centro;28;200;16
cpp;100000;Lineal;Centro;29;174800;50001
cpp;100000;Binaria;Centro;29;200;16
cpp;100000;Lineal;Centro;30;187200;50001
cpp;100000;Binaria;Centro;30;200;16
cpp;100000;Lineal;Final;1;378400;100000
cpp;100000;Binaria;Final;1;400;17
cpp;100000;Lineal;Final;2;662800;100000
cpp;100000;Binaria;Final;2;300;17
cpp;100000;Lineal;Final;3;615500;100000
cpp;100000;Binaria;Final;3;500;17
cpp;100000;Lineal;Final;4;425200;100000
cpp;100000;Binaria;Final;4;200;17
cpp;100000;Lineal;Final;5;350700;100000
cpp;100000;Binaria;Final;5;200;17
cpp;100000;Lineal;Final;6;349800;100000
cpp;100000;Binaria;Final;6;200;17
cpp;100000;Lineal;Final;7;368000;100000
cpp;100000;Binaria;Final;7;200;17
cpp;100000;Lineal;Final;8;355400;100000
cpp;100000;Binaria;Final;8;300;17
cpp;100000;Lineal;Final;9;350100;100000
cpp;100000;Binaria;Final;9;200;17
cpp;100000;Lineal;Final;10;334700;100000
cpp;100000;Binaria;Final;10;400;17
cpp;100000;Lineal;Final;11;752400;100000
cpp;100000;Binaria;Final;11;400;17
cpp;100000;Lineal;Final;12;726300;100000
cpp;100000;Binaria;Final;12;300;17
cpp;100000;Lineal;Final;13;542600;100000
cpp;100000;Binaria;Final;13;200;17
cpp;100000;Lineal;Final;14;352600;100000
cpp;100000;Binaria;Final;14;200;17
cpp;100000;Lineal;Final;15;362200;100000
cpp;100000;Binaria;Final;15;200;17
cpp;100000;Lineal;Final;16;394700;100000
cpp;100000;Binaria;Final;16;200;17
cpp;100000;Lineal;Final;17;354500;100000
cpp;100000;Binaria;Final;17;100;17
cpp;100000;Lineal;Final;18;659200;100000
cpp;100000;Binaria;Final;18;500;17
cpp;100000;Lineal;Final;19;583400;100000
cpp;100000;Binaria;Final;19;200;17
cpp;100000;Lineal;Final;20;351100;100000
cpp;100000;Binaria;Final;20;200;17
cpp;100000;Lineal;Final;21;347200;100000
cpp;100000;Binaria;Final;21;100;17
cpp;100000;Lineal;Final;22;429900;100000
cpp;100000;Binaria;Final;22;400;17
cpp;100000;Lineal;Final;23;357200;100000
cpp;100000;Binaria;Final;23;200;17
cpp;100000;Lineal;Final;24;368600;100000
cpp;100000;Binaria;Final;24;200;17
cpp;100000;Lineal;Final;25;351500;100000
cpp;100000;Binaria;Final;25;200;17
cpp;100000;Lineal;Final;26;500000;100000
cpp;100000;Binaria;Final;26;400;17
cpp;100000;Lineal;Final;27;494800;100000
cpp;100000;Binaria;Final;27;200;17
cpp;100000;Lineal;Final;28;386300;100000
cpp;100000;Binaria;Final;28;700;17
cpp;100000;Lineal;Final;29;350100;100000
cpp;100000;Binaria;Final;29;200;17
cpp;100000;Lineal;Final;30;349400;100000
cpp;100000;Binaria;Final;30;200;17
cpp;100000;Lineal;Ausente;1;351500;100000
cpp;100000;Binaria;Ausente;1;200;16
cpp;100000;Lineal;Ausente;2;385000;100000
cpp;100000;Binaria;Ausente;2;300;16
cpp;100000;Lineal;Ausente;3;398400;100000
cpp;100000;Binaria;Ausente;3;300;16
cpp;100000;Lineal;Ausente;4;470600;100000
cpp;100000;Binaria;Ausente;4;400;16
cpp;100000;Lineal;Ausente;5;573800;100000
cpp;100000;Binaria;Ausente;5;300;16
cpp;100000;Lineal;Ausente;6;375000;100000
cpp;100000;Binaria;Ausente;6;200;16
cpp;100000;Lineal;Ausente;7;354100;100000
cpp;100000;Binaria;Ausente;7;300;16
cpp;100000;Lineal;Ausente;8;348300;100000
cpp;100000;Binaria;Ausente;8;200;16
cpp;100000;Lineal;Ausente;9;350400;100000
cpp;100000;Binaria;Ausente;9;200;16
cpp;100000;Lineal;Ausente;10;352600;100000
cpp;100000;Binaria;Ausente;10;200;16
cpp;100000;Lineal;Ausente;11;353800;100000
cpp;100000;Binaria;Ausente;11;200;16
cpp;100000;Lineal;Ausente;12;351800;100000
cpp;100000;Binaria;Ausente;12;300;16
cpp;100000;Lineal;Ausente;13;354800;100000
cpp;100000;Binaria;Ausente;13;200;16
cpp;100000;Lineal;Ausente;14;344100;100000
cpp;100000;Binaria;Ausente;14;200;16
cpp;100000;Lineal;Ausente;15;345100;100000
cpp;100000;Binaria;Ausente;15;100;16
cpp;100000;Lineal;Ausente;16;350100;100000
cpp;100000;Binaria;Ausente;16;200;16
cpp;100000;Lineal;Ausente;17;357600;100000
cpp;100000;Binaria;Ausente;17;400;16
cpp;100000;Lineal;Ausente;18;362200;100000
cpp;100000;Binaria;Ausente;18;400;16
cpp;100000;Lineal;Ausente;19;353900;100000
cpp;100000;Binaria;Ausente;19;100;16
cpp;100000;Lineal;Ausente;20;361300;100000
cpp;100000;Binaria;Ausente;20;400;16
cpp;100000;Lineal;Ausente;21;365600;100000
cpp;100000;Binaria;Ausente;21;200;16
cpp;100000;Lineal;Ausente;22;359800;100000
cpp;100000;Binaria;Ausente;22;200;16
cpp;100000;Lineal;Ausente;23;366500;100000
cpp;100000;Binaria;Ausente;23;300;16
cpp;100000;Lineal;Ausente;24;380700;100000
cpp;100000;Binaria;Ausente;24;100;16
cpp;100000;Lineal;Ausente;25;348100;100000
cpp;100000;Binaria;Ausente;25;200;16
cpp;100000;Lineal;Ausente;26;349400;100000
cpp;100000;Binaria;Ausente;26;200;16
cpp;100000;Lineal;Ausente;27;363900;100000
cpp;100000;Binaria;Ausente;27;200;16
cpp;100000;Lineal;Ausente;28;349200;100000
cpp;100000;Binaria;Ausente;28;100;16
cpp;100000;Lineal;Ausente;29;358700;100000
cpp;100000;Binaria;Ausente;29;200;16
cpp;100000;Lineal;Ausente;30;353600;100000
cpp;100000;Binaria;Ausente;30;200;16
cpp;500000;Lineal;Inicio;1;900;1
cpp;500000;Binaria;Inicio;1;800;18
cpp;500000;Lineal;Inicio;2;200;1
cpp;500000;Binaria;Inicio;2;200;18
cpp;500000;Lineal;Inicio;3;0;1
cpp;500000;Binaria;Inicio;3;100;18
cpp;500000;Lineal;Inicio;4;0;1
cpp;500000;Binaria;Inicio;4;200;18
cpp;500000;Lineal;Inicio;5;0;1
cpp;500000;Binaria;Inicio;5;200;18
cpp;500000;Lineal;Inicio;6;100;1
cpp;500000;Binaria;Inicio;6;100;18
cpp;500000;Lineal;Inicio;7;0;1
cpp;500000;Binaria;Inicio;7;100;18
cpp;500000;Lineal;Inicio;8;0;1
cpp;500000;Binaria;Inicio;8;200;18
cpp;500000;Lineal;Inicio;9;0;1
cpp;500000;Binaria;Inicio;9;200;18
cpp;500000;Lineal;Inicio;10;0;1
cpp;500000;Binaria;Inicio;10;100;18
cpp;500000;Lineal;Inicio;11;0;1
cpp;500000;Binaria;Inicio;11;200;18
cpp;500000;Lineal;Inicio;12;0;1
cpp;500000;Binaria;Inicio;12;200;18
cpp;500000;Lineal;Inicio;13;100;1
cpp;500000;Binaria;Inicio;13;200;18
cpp;500000;Lineal;Inicio;14;0;1
cpp;500000;Binaria;Inicio;14;200;18
cpp;500000;Lineal;Inicio;15;100;1
cpp;500000;Binaria;Inicio;15;200;18
cpp;500000;Lineal;Inicio;16;100;1
cpp;500000;Binaria;Inicio;16;200;18
cpp;500000;Lineal;Inicio;17;0;1
cpp;500000;Binaria;Inicio;17;200;18
cpp;500000;Lineal;Inicio;18;100;1
cpp;500000;Binaria;Inicio;18;100;18
cpp;500000;Lineal;Inicio;19;100;1
cpp;500000;Binaria;Inicio;19;200;18
cpp;500000;Lineal;Inicio;20;0;1
cpp;500000;Binaria;Inicio;20;200;18
cpp;500000;Lineal;Inicio;21;100;1
cpp;500000;Binaria;Inicio;21;200;18
cpp;500000;Lineal;Inicio;22;0;1
cpp;500000;Binaria;Inicio;22;200;18
cpp;500000;Lineal;Inicio;23;0;1
cpp;500000;Binaria;Inicio;23;200;18
cpp;500000;Lineal;Inicio;24;0;1
cpp;500000;Binaria;Inicio;24;200;18
cpp;500000;Lineal;Inicio;25;100;1
cpp;500000;Binaria;Inicio;25;200;18
cpp;500000;Lineal;Inicio;26;100;1
cpp;500000;Binaria;Inicio;26;100;18
cpp;500000;Lineal;Inicio;27;0;1
cpp;500000;Binaria;Inicio;27;100;18
cpp;500000;Lineal;Inicio;28;0;1
cpp;500000;Binaria;Inicio;28;200;18
cpp;500000;Lineal;Inicio;29;0;1
cpp;500000;Binaria;Inicio;29;200;18
cpp;500000;Lineal;Inicio;30;0;1
cpp;500000;Binaria;Inicio;30;200;18
cpp;500000;Lineal;Centro;1;868000;250001
cpp;500000;Binaria;Centro;1;800;18
cpp;500000;Lineal;Centro;2;1082400;250001
cpp;500000;Binaria;Centro;2;300;18
cpp;500000;Lineal;Centro;3;883700;250001
cpp;500000;Binaria;Centro;3;200;18
cpp;500000;Lineal;Centro;4;882300;250001
cpp;500000;Binaria;Centro;4;200;18
cpp;500000;Lineal;Centro;5;899200;250001
cpp;500000;Binaria;Centro;5;200;18
cpp;500000;Lineal;Centro;6;911400;250001
cpp;500000;Binaria;Centro;6;300;18
cpp;500000;Lineal;Centro;7;1184300;250001
cpp;500000;Binaria;Centro;7;200;18
cpp;500000;Lineal;Centro;8;878100;250001
cpp;500000;Binaria;Centro;8;300;18
cpp;500000;Lineal;Centro;9;861100;250001
cpp;500000;Binaria;Centro;9;200;18
cpp;500000;Lineal;Centro;10;866400;250001
cpp;500000;Binaria;Centro;10;200;18
cpp;500000;Lineal;Centro;11;879500;250001
cpp;500000;Binaria;Centro;11;300;18
cpp;500000;Lineal;Centro;12;1077000;250001
cpp;500000;Binaria;Centro;12;500;18
cpp;500000;Lineal;Centro;13;945100;250001
cpp;500000;Binaria;Centro;13;300;18
cpp;500000;Lineal;Centro;14;865800;250001
cpp;500000;Binaria;Centro;14;300;18
cpp;500000;Lineal;Centro;15;868000;250001
cpp;500000;Binaria;Centro;15;200;18
cpp;500000;Lineal;Centro;16;876600;250001
cpp;500000;Binaria;Centro;16;300;18
cpp;500000;Lineal;Centro;17;860900;250001
cpp;500000;Binaria;Centro;17;200;18
cpp;500000;Lineal;Centro;18;869800;250001
cpp;500000;Binaria;Centro;18;100;18
cpp;500000;Lineal;Centro;19;876100;250001
cpp;500000;Binaria;Centro;19;300;18
cpp;500000;Lineal;Centro;20;933800;250001
cpp;500000;Binaria;Centro;20;200;18
cpp;500000;Lineal;Centro;21;890100;250001
cpp;500000;Binaria;Centro;21;400;18
cpp;500000;Lineal;Centro;22;861100;250001
cpp;500000;Binaria;Centro;22;300;18
cpp;500000;Lineal;Centro;23;878400;250001
cpp;500000;Binaria;Centro;23;300;18
cpp;500000;Lineal;Centro;24;1097700;250001
cpp;500000;Binaria;Centro;24;300;18
cpp;500000;Lineal;Centro;25;882100;250001
cpp;500000;Binaria;Centro;25;200;18
cpp;500000;Lineal;Centro;26;882400;250001
cpp;500000;Binaria;Centro;26;200;18
cpp;500000;Lineal;Centro;27;906800;250001
cpp;500000;Binaria;Centro;27;800;18
cpp;500000;Lineal;Centro;28;873800;250001
cpp;500000;Binaria;Centro;28;300;18
cpp;500000;Lineal;Centro;29;887900;250001
cpp;500000;Binaria;Centro;29;300;18
cpp;500000;Lineal;Centro;30;870500;250001
cpp;500000;Binaria;Centro;30;300;18
cpp;500000;Lineal;Final;1;1753300;500000
cpp;500000;Binaria;Final;1;700;19
cpp;500000;Lineal;Final;2;1883200;500000
cpp;500000;Binaria;Final;2;400;19
cpp;500000;Lineal;Final;3;2222400;500000
cpp;500000;Binaria;Final;3;400;19
cpp;500000;Lineal;Final;4;1781000;500000
cpp;500000;Binaria;Final;4;300;19
cpp;500000;Lineal;Final;5;1771800;500000
cpp;500000;Binaria;Final;5;400;19
cpp;500000;Lineal;Final;6;2041200;500000
cpp;500000;Binaria;Final;6;300;19
cpp;500000;Lineal;Final;7;2045900;500000
cpp;500000;Binaria;Final;7;400;19
cpp;500000;Lineal;Final;8;2057800;500000
cpp;500000;Binaria;Final;8;300;19
cpp;500000;Lineal;Final;9;2425400;500000
cpp;500000;Binaria;Final;9;500;19
cpp;500000;Lineal;Final;10;2140100;500000
cpp;500000;Binaria;Final;10;400;19
cpp;500000;Lineal;Final;11;1931300;500000
cpp;500000;Binaria;Final;11;500;19
cpp;500000;Lineal;Final;12;1991900;500000
cpp;500000;Binaria;Final;12;200;19
cpp;500000;Lineal;Final;13;1992900;500000
cpp;500000;Binaria;Final;13;600;19
cpp;500000;Lineal;Final;14;1855200;500000
cpp;500000;Binaria;Final;14;300;19
cpp;500000;Lineal;Final;15;2698500;500000
cpp;500000;Binaria;Final;15;200;19
cpp;500000;Lineal;Final;16;2128500;500000
cpp;500000;Binaria;Final;16;900;19
cpp;500000;Lineal;Final;17;2479400;500000
cpp;500000;Binaria;Final;17;400;19
cpp;500000;Lineal;Final;18;1788900;500000
cpp;500000;Binaria;Final;18;300;19
cpp;500000;Lineal;Final;19;1808500;500000
cpp;500000;Binaria;Final;19;500;19
cpp;500000;Lineal;Final;20;2042600;500000
cpp;500000;Binaria;Final;20;200;19
cpp;500000;Lineal;Final;21;1723100;500000
cpp;500000;Binaria;Final;21;300;19
cpp;500000;Lineal;Final;22;1751500;500000
cpp;500000;Binaria;Final;22;300;19
cpp;500000;Lineal;Final;23;1885600;500000
cpp;500000;Binaria;Final;23;600;19
cpp;500000;Lineal;Final;24;3017800;500000
cpp;500000;Binaria;Final;24;700;19
cpp;500000;Lineal;Final;25;3222400;500000
cpp;500000;Binaria;Final;25;800;19
cpp;500000;Lineal;Final;26;3120700;500000
cpp;500000;Binaria;Final;26;500;19
cpp;500000;Lineal;Final;27;3404400;500000
cpp;500000;Binaria;Final;27;500;19
cpp;500000;Lineal;Final;28;2798000;500000
cpp;500000;Binaria;Final;28;700;19
cpp;500000;Lineal;Final;29;2630000;500000
cpp;500000;Binaria;Final;29;400;19
cpp;500000;Lineal;Final;30;1858300;500000
cpp;500000;Binaria;Final;30;300;19
cpp;500000;Lineal;Ausente;1;2833500;500000
cpp;500000;Binaria;Ausente;1;1000;18
cpp;500000;Lineal;Ausente;2;2121700;500000
cpp;500000;Binaria;Ausente;2;300;18
cpp;500000;Lineal;Ausente;3;1853000;500000
cpp;500000;Binaria;Ausente;3;900;18
cpp;500000;Lineal;Ausente;4;2369300;500000
cpp;500000;Binaria;Ausente;4;300;18
cpp;500000;Lineal;Ausente;5;5008100;500000
cpp;500000;Binaria;Ausente;5;1400;18
cpp;500000;Lineal;Ausente;6;9717300;500000
cpp;500000;Binaria;Ausente;6;3300;18
cpp;500000;Lineal;Ausente;7;8965100;500000
cpp;500000;Binaria;Ausente;7;2800;18
cpp;500000;Lineal;Ausente;8;7850000;500000
cpp;500000;Binaria;Ausente;8;3200;18
cpp;500000;Lineal;Ausente;9;9340500;500000
cpp;500000;Binaria;Ausente;9;4200;18
cpp;500000;Lineal;Ausente;10;4927800;500000
cpp;500000;Binaria;Ausente;10;2200;18
cpp;500000;Lineal;Ausente;11;6366800;500000
cpp;500000;Binaria;Ausente;11;2200;18
cpp;500000;Lineal;Ausente;12;5331300;500000
cpp;500000;Binaria;Ausente;12;1700;18
cpp;500000;Lineal;Ausente;13;5744100;500000
cpp;500000;Binaria;Ausente;13;1900;18
cpp;500000;Lineal;Ausente;14;4834800;500000
cpp;500000;Binaria;Ausente;14;1700;18
cpp;500000;Lineal;Ausente;15;4459500;500000
cpp;500000;Binaria;Ausente;15;1500;18
cpp;500000;Lineal;Ausente;16;2730600;500000
cpp;500000;Binaria;Ausente;16;800;18
cpp;500000;Lineal;Ausente;17;3587900;500000
cpp;500000;Binaria;Ausente;17;1300;18
cpp;500000;Lineal;Ausente;18;4160800;500000
cpp;500000;Binaria;Ausente;18;1200;18
cpp;500000;Lineal;Ausente;19;2558200;500000
cpp;500000;Binaria;Ausente;19;1100;18
cpp;500000;Lineal;Ausente;20;2007400;500000
cpp;500000;Binaria;Ausente;20;800;18
cpp;500000;Lineal;Ausente;21;2342100;500000
cpp;500000;Binaria;Ausente;21;800;18
cpp;500000;Lineal;Ausente;22;2624700;500000
cpp;500000;Binaria;Ausente;22;700;18
cpp;500000;Lineal;Ausente;23;1875900;500000
cpp;500000;Binaria;Ausente;23;400;18
cpp;500000;Lineal;Ausente;24;1956100;500000
cpp;500000;Binaria;Ausente;24;500;18
cpp;500000;Lineal;Ausente;25;1777900;500000
cpp;500000;Binaria;Ausente;25;400;18
cpp;500000;Lineal;Ausente;26;1765200;500000
cpp;500000;Binaria;Ausente;26;400;18
cpp;500000;Lineal;Ausente;27;1839000;500000
cpp;500000;Binaria;Ausente;27;600;18
cpp;500000;Lineal;Ausente;28;5593600;500000
cpp;500000;Binaria;Ausente;28;2400;18
cpp;500000;Lineal;Ausente;29;3381900;500000
cpp;500000;Binaria;Ausente;29;800;18
cpp;500000;Lineal;Ausente;30;3417500;500000
cpp;500000;Binaria;Ausente;30;900;18
